[main] planned 604 jobs, 0 done, 534 light + 70 heavy to run
  ok      k=5 main|H2_sto-3g_JW|QWC|qiskit_lf|none|seed0 (0.6s)
  ok      k=5 main|H2_sto-3g_JW|QWC|pennylane_lf|none|seed0 (3.0s)
  ok      k=5 main|H2_sto-3g_JW|QWC|pennylane_dsatur|none|seed0 (3.0s)
  ok      k=5 main|H2_sto-3g_JW|QWC|pennylane_rlf|none|seed0 (2.8s)
  ok      k=5 main|H2_sto-3g_JW|QWC|smallest_last|none|seed0 (0.2s)
  ok      k=5 main|H2_sto-3g_JW|QWC|sorted_insertion|none|seed0 (0.2s)
  ok      k=5 main|H2_sto-3g_JW|QWC|dtp|none|seed0 (0.2s)
  ok      k=5 main|H2_sto-3g_JW|QWC|iterated_greedy|none|seed0 (0.2s)
  ok      k=5 main|H2_sto-3g_JW|QWC|pennylane_gis|none|seed0 (3.2s)
  ok      k=5 main|H2_sto-3g_JW|QWC|random_greedy|none|seed0 (0.2s)
  ok      k=5 main|H2_sto-3g_JW|QWC|dtp|none|seed1 (0.2s)
  ok      k=5 main|H2_sto-3g_JW|QWC|iterated_greedy|none|seed1 (0.2s)
  ok      k=5 main|H2_sto-3g_JW|QWC|random_greedy|none|seed1 (0.2s)
  ok      k=5 main|H2_sto-3g_JW|QWC|dtp|none|seed2 (0.2s)
  ok      k=5 main|H2_sto-3g_JW|QWC|iterated_greedy|none|seed2 (0.2s)
  ok      k=5 main|H2_sto-3g_JW|QWC|random_greedy|none|seed2 (0.2s)
  ok      k=5 main|H2_sto-3g_JW|QWC|dtp|none|seed3 (0.2s)
  ok      k=5 main|H2_sto-3g_JW|QWC|iterated_greedy|none|seed3 (0.2s)
  ok      k=5 main|H2_sto-3g_JW|QWC|random_greedy|none|seed3 (0.2s)
  ok      k=5 main|H2_sto-3g_JW|QWC|dtp|none|seed4 (0.2s)
  ok      k=5 main|H2_sto-3g_JW|QWC|iterated_greedy|none|seed4 (0.2s)
  ok      k=5 main|H2_sto-3g_JW|QWC|random_greedy|none|seed4 (0.2s)
  ok      k=5 main|H2_sto-3g_JW|QWC|dtp|none|seed5 (0.2s)
  ok      k=5 main|H2_sto-3g_JW|QWC|iterated_greedy|none|seed5 (0.2s)
  ok      k=5 main|H2_sto-3g_JW|QWC|random_greedy|none|seed5 (0.2s)
  ok      k=5 main|H2_sto-3g_JW|QWC|dtp|none|seed6 (0.2s)
  ok      k=5 main|H2_sto-3g_JW|QWC|iterated_greedy|none|seed6 (0.2s)
  ok      k=5 main|H2_sto-3g_JW|QWC|random_greedy|none|seed6 (0.2s)
  ok      k=5 main|H2_sto-3g_JW|QWC|dtp|none|seed7 (0.2s)
  ok      k=5 main|H2_sto-3g_JW|QWC|iterated_greedy|none|seed7 (0.2s)
  ok      k=5 main|H2_sto-3g_JW|QWC|random_greedy|none|seed7 (0.2s)
  ok      k=5 main|H2_sto-3g_JW|QWC|dtp|none|seed8 (0.2s)
  ok      k=5 main|H2_sto-3g_JW|QWC|iterated_greedy|none|seed8 (0.2s)
  ok      k=5 main|H2_sto-3g_JW|QWC|random_greedy|none|seed8 (0.2s)
  ok      k=5 main|H2_sto-3g_JW|QWC|dtp|none|seed9 (0.2s)
  ok      k=5 main|H2_sto-3g_JW|QWC|iterated_greedy|none|seed9 (0.2s)
  ok      k=5 main|H2_sto-3g_JW|QWC|random_greedy|none|seed9 (0.2s)
  ok      k=2 main|H2_sto-3g_JW|FC|qiskit_lf|none|seed0 (0.6s)
  ok      k=2 main|H2_sto-3g_JW|FC|pennylane_lf|none|seed0 (3.0s)
  ok      k=2 main|H2_sto-3g_JW|FC|pennylane_dsatur|none|seed0 (3.0s)
  ok      k=2 main|H2_sto-3g_JW|FC|pennylane_rlf|none|seed0 (2.8s)
  ok      k=2 main|H2_sto-3g_JW|FC|smallest_last|none|seed0 (0.2s)
  ok      k=2 main|H2_sto-3g_JW|FC|sorted_insertion|none|seed0 (0.2s)
  ok      k=2 main|H2_sto-3g_JW|FC|dtp|none|seed0 (0.2s)
  ok      k=2 main|H2_sto-3g_JW|FC|pennylane_gis|none|seed0 (3.0s)
  ok      k=2 main|H2_sto-3g_JW|FC|iterated_greedy|none|seed0 (0.2s)
  ok      k=2 main|H2_sto-3g_JW|FC|random_greedy|none|seed0 (0.2s)
  ok      k=2 main|H2_sto-3g_JW|FC|dtp|none|seed1 (0.2s)
  ok      k=2 main|H2_sto-3g_JW|FC|iterated_greedy|none|seed1 (0.2s)
  ok      k=2 main|H2_sto-3g_JW|FC|random_greedy|none|seed1 (0.2s)
  ok      k=2 main|H2_sto-3g_JW|FC|dtp|none|seed2 (0.2s)
  ok      k=2 main|H2_sto-3g_JW|FC|iterated_greedy|none|seed2 (0.2s)
  ok      k=2 main|H2_sto-3g_JW|FC|random_greedy|none|seed2 (0.2s)
  ok      k=2 main|H2_sto-3g_JW|FC|dtp|none|seed3 (0.2s)
  ok      k=2 main|H2_sto-3g_JW|FC|iterated_greedy|none|seed3 (0.2s)
  ok      k=2 main|H2_sto-3g_JW|FC|random_greedy|none|seed3 (0.2s)
  ok      k=2 main|H2_sto-3g_JW|FC|dtp|none|seed4 (0.2s)
  ok      k=2 main|H2_sto-3g_JW|FC|iterated_greedy|none|seed4 (0.2s)
  ok      k=2 main|H2_sto-3g_JW|FC|random_greedy|none|seed4 (0.2s)
  ok      k=2 main|H2_sto-3g_JW|FC|dtp|none|seed5 (0.2s)
  ok      k=2 main|H2_sto-3g_JW|FC|iterated_greedy|none|seed5 (0.2s)
  ok      k=2 main|H2_sto-3g_JW|FC|random_greedy|none|seed5 (0.2s)
  ok      k=2 main|H2_sto-3g_JW|FC|dtp|none|seed6 (0.2s)
  ok      k=2 main|H2_sto-3g_JW|FC|random_greedy|none|seed6 (0.2s)
  ok      k=2 main|H2_sto-3g_JW|FC|iterated_greedy|none|seed6 (0.4s)
  ok      k=2 main|H2_sto-3g_JW|FC|dtp|none|seed7 (0.2s)
  ok      k=2 main|H2_sto-3g_JW|FC|iterated_greedy|none|seed7 (0.2s)
  ok      k=2 main|H2_sto-3g_JW|FC|random_greedy|none|seed7 (0.2s)
  ok      k=2 main|H2_sto-3g_JW|FC|dtp|none|seed8 (0.2s)
  ok      k=2 main|H2_sto-3g_JW|FC|iterated_greedy|none|seed8 (0.2s)
  ok      k=2 main|H2_sto-3g_JW|FC|dtp|none|seed9 (0.2s)
  ok      k=2 main|H2_sto-3g_JW|FC|random_greedy|none|seed8 (0.4s)
  ok      k=2 main|H2_sto-3g_JW|FC|iterated_greedy|none|seed9 (0.2s)
  ok      k=2 main|H2_sto-3g_JW|FC|random_greedy|none|seed9 (0.2s)
  ok      k=154 main|LiH_sto-3g_JW|QWC|qiskit_lf|none|seed0 (0.6s)
  ok      k=154 main|LiH_sto-3g_JW|QWC|pennylane_lf|none|seed0 (3.2s)
  ok      k=150 main|LiH_sto-3g_JW|QWC|pennylane_dsatur|none|seed0 (3.0s)
  ok      k=175 main|LiH_sto-3g_JW|QWC|pennylane_gis|none|seed0 (3.4s)
  ok      k=156 main|LiH_sto-3g_JW|QWC|smallest_last|none|seed0 (0.4s)
  ok      k=147 main|LiH_sto-3g_JW|QWC|pennylane_rlf|none|seed0 (4.2s)
  ok      k=179 main|LiH_sto-3g_JW|QWC|sorted_insertion|none|seed0 (0.2s)
  ok      k=145 main|LiH_sto-3g_JW|QWC|iterated_greedy|none|seed0 (12.9s)
  ok      k=145 main|LiH_sto-3g_JW|QWC|dtp|none|seed0 (13.2s)
  ok      k=166 main|LiH_sto-3g_JW|QWC|random_greedy|none|seed0 (0.4s)
  ok      k=145 main|LiH_sto-3g_JW|QWC|dtp|none|seed1 (13.2s)
  ok      k=144 main|LiH_sto-3g_JW|QWC|iterated_greedy|none|seed1 (12.9s)
  ok      k=168 main|LiH_sto-3g_JW|QWC|random_greedy|none|seed1 (0.2s)
  ok      k=144 main|LiH_sto-3g_JW|QWC|iterated_greedy|none|seed2 (12.9s)
  ok      k=144 main|LiH_sto-3g_JW|QWC|dtp|none|seed2 (13.1s)
  ok      k=170 main|LiH_sto-3g_JW|QWC|random_greedy|none|seed2 (0.2s)
  ok      k=144 main|LiH_sto-3g_JW|QWC|dtp|none|seed3 (12.9s)
  ok      k=144 main|LiH_sto-3g_JW|QWC|iterated_greedy|none|seed3 (12.9s)
  ok      k=166 main|LiH_sto-3g_JW|QWC|random_greedy|none|seed3 (0.2s)
  ok      k=145 main|LiH_sto-3g_JW|QWC|iterated_greedy|none|seed4 (12.9s)
  ok      k=144 main|LiH_sto-3g_JW|QWC|dtp|none|seed4 (13.1s)
  ok      k=171 main|LiH_sto-3g_JW|QWC|random_greedy|none|seed4 (0.2s)
  ok      k=145 main|LiH_sto-3g_JW|QWC|dtp|none|seed5 (13.0s)
  ok      k=167 main|LiH_sto-3g_JW|QWC|random_greedy|none|seed5 (0.2s)
  ok      k=144 main|LiH_sto-3g_JW|QWC|iterated_greedy|none|seed5 (13.2s)
  ok      k=145 main|LiH_sto-3g_JW|QWC|dtp|none|seed6 (12.9s)
  ok      k=144 main|LiH_sto-3g_JW|QWC|iterated_greedy|none|seed6 (12.9s)
  ok      k=169 main|LiH_sto-3g_JW|QWC|random_greedy|none|seed6 (0.2s)
  ok      k=145 main|LiH_sto-3g_JW|QWC|dtp|none|seed7 (12.9s)
  ok      k=144 main|LiH_sto-3g_JW|QWC|iterated_greedy|none|seed7 (12.9s)
  ok      k=169 main|LiH_sto-3g_JW|QWC|random_greedy|none|seed7 (0.2s)
  ok      k=145 main|LiH_sto-3g_JW|QWC|dtp|none|seed8 (13.0s)
  ok      k=144 main|LiH_sto-3g_JW|QWC|iterated_greedy|none|seed8 (12.9s)
  ok      k=172 main|LiH_sto-3g_JW|QWC|random_greedy|none|seed8 (0.2s)
  ok      k=144 main|LiH_sto-3g_JW|QWC|iterated_greedy|none|seed9 (13.0s)
  ok      k=145 main|LiH_sto-3g_JW|QWC|dtp|none|seed9 (13.2s)
  ok      k=174 main|LiH_sto-3g_JW|QWC|random_greedy|none|seed9 (0.4s)
  ok      k=38 main|LiH_sto-3g_JW|FC|qiskit_lf|none|seed0 (0.6s)
  ok      k=38 main|LiH_sto-3g_JW|FC|pennylane_lf|none|seed0 (3.0s)
  ok      k=29 main|LiH_sto-3g_JW|FC|pennylane_dsatur|none|seed0 (3.0s)
  ok      k=42 main|LiH_sto-3g_JW|FC|pennylane_gis|none|seed0 (3.0s)
  ok      k=33 main|LiH_sto-3g_JW|FC|smallest_last|none|seed0 (0.2s)
  ok      k=36 main|LiH_sto-3g_JW|FC|sorted_insertion|none|seed0 (0.2s)
  ok      k=26 main|LiH_sto-3g_JW|FC|pennylane_rlf|none|seed0 (3.8s)
  ok      k=23 main|LiH_sto-3g_JW|FC|dtp|none|seed0 (13.0s)
  ok      k=23 main|LiH_sto-3g_JW|FC|iterated_greedy|none|seed0 (13.0s)
  ok      k=42 main|LiH_sto-3g_JW|FC|random_greedy|none|seed0 (0.2s)
  ok      k=21 main|LiH_sto-3g_JW|FC|dtp|none|seed1 (13.0s)
  ok      k=22 main|LiH_sto-3g_JW|FC|iterated_greedy|none|seed1 (12.9s)
  ok      k=39 main|LiH_sto-3g_JW|FC|random_greedy|none|seed1 (0.2s)
  ok      k=18 main|LiH_sto-3g_JW|FC|dtp|none|seed2 (12.9s)
  ok      k=19 main|LiH_sto-3g_JW|FC|iterated_greedy|none|seed2 (12.9s)
  ok      k=43 main|LiH_sto-3g_JW|FC|random_greedy|none|seed2 (0.2s)
  ok      k=18 main|LiH_sto-3g_JW|FC|dtp|none|seed3 (12.9s)
  ok      k=19 main|LiH_sto-3g_JW|FC|iterated_greedy|none|seed3 (12.9s)
  ok      k=42 main|LiH_sto-3g_JW|FC|random_greedy|none|seed3 (0.2s)
  ok      k=22 main|LiH_sto-3g_JW|FC|dtp|none|seed4 (13.0s)
  ok      k=22 main|LiH_sto-3g_JW|FC|iterated_greedy|none|seed4 (13.0s)
  ok      k=40 main|LiH_sto-3g_JW|FC|random_greedy|none|seed4 (0.2s)
  ok      k=22 main|LiH_sto-3g_JW|FC|dtp|none|seed5 (13.0s)
  ok      k=23 main|LiH_sto-3g_JW|FC|iterated_greedy|none|seed5 (13.0s)
  ok      k=41 main|LiH_sto-3g_JW|FC|random_greedy|none|seed5 (0.2s)
  ok      k=22 main|LiH_sto-3g_JW|FC|dtp|none|seed6 (12.9s)
  ok      k=23 main|LiH_sto-3g_JW|FC|iterated_greedy|none|seed6 (12.9s)
  ok      k=40 main|LiH_sto-3g_JW|FC|random_greedy|none|seed6 (0.2s)
  ok      k=18 main|LiH_sto-3g_JW|FC|dtp|none|seed7 (12.9s)
  ok      k=17 main|LiH_sto-3g_JW|FC|iterated_greedy|none|seed7 (13.0s)
  ok      k=40 main|LiH_sto-3g_JW|FC|random_greedy|none|seed7 (0.2s)
  ok      k=18 main|LiH_sto-3g_JW|FC|dtp|none|seed8 (12.9s)
  ok      k=20 main|LiH_sto-3g_JW|FC|iterated_greedy|none|seed8 (12.9s)
  ok      k=38 main|LiH_sto-3g_JW|FC|random_greedy|none|seed8 (0.2s)
  ok      k=22 main|LiH_sto-3g_JW|FC|dtp|none|seed9 (12.9s)
  ok      k=22 main|LiH_sto-3g_JW|FC|iterated_greedy|none|seed9 (12.9s)
  ok      k=36 main|LiH_sto-3g_JW|FC|random_greedy|none|seed9 (0.2s)
  ok      k=208 main|BeH2_sto-3g_JW|QWC|qiskit_lf|none|seed0 (0.8s)
  ok      k=208 main|BeH2_sto-3g_JW|QWC|pennylane_lf|none|seed0 (4.1s)
  ok      k=203 main|BeH2_sto-3g_JW|QWC|pennylane_dsatur|none|seed0 (4.1s)
  ok      k=226 main|BeH2_sto-3g_JW|QWC|pennylane_gis|none|seed0 (4.5s)
  ok      k=204 main|BeH2_sto-3g_JW|QWC|smallest_last|none|seed0 (0.2s)
  ok      k=203 main|BeH2_sto-3g_JW|QWC|pennylane_rlf|none|seed0 (5.5s)
  ok      k=214 main|BeH2_sto-3g_JW|QWC|sorted_insertion|none|seed0 (0.2s)
  ok      k=203 main|BeH2_sto-3g_JW|QWC|dtp|none|seed0 (13.7s)
  ok      k=203 main|BeH2_sto-3g_JW|QWC|iterated_greedy|none|seed0 (13.7s)
  ok      k=218 main|BeH2_sto-3g_JW|QWC|random_greedy|none|seed0 (0.2s)
  ok      k=203 main|BeH2_sto-3g_JW|QWC|dtp|none|seed1 (13.7s)
  ok      k=203 main|BeH2_sto-3g_JW|QWC|iterated_greedy|none|seed1 (13.8s)
  ok      k=217 main|BeH2_sto-3g_JW|QWC|random_greedy|none|seed1 (0.2s)
  ok      k=203 main|BeH2_sto-3g_JW|QWC|dtp|none|seed2 (13.7s)
  ok      k=203 main|BeH2_sto-3g_JW|QWC|iterated_greedy|none|seed2 (13.7s)
  ok      k=217 main|BeH2_sto-3g_JW|QWC|random_greedy|none|seed2 (0.2s)
  ok      k=203 main|BeH2_sto-3g_JW|QWC|dtp|none|seed3 (13.7s)
  ok      k=203 main|BeH2_sto-3g_JW|QWC|iterated_greedy|none|seed3 (13.8s)
  ok      k=215 main|BeH2_sto-3g_JW|QWC|random_greedy|none|seed3 (0.4s)
  ok      k=203 main|BeH2_sto-3g_JW|QWC|dtp|none|seed4 (13.7s)
  ok      k=217 main|BeH2_sto-3g_JW|QWC|random_greedy|none|seed4 (0.2s)
  ok      k=203 main|BeH2_sto-3g_JW|QWC|iterated_greedy|none|seed4 (13.7s)
  ok      k=203 main|BeH2_sto-3g_JW|QWC|dtp|none|seed5 (13.8s)
  ok      k=203 main|BeH2_sto-3g_JW|QWC|iterated_greedy|none|seed5 (13.8s)
  ok      k=213 main|BeH2_sto-3g_JW|QWC|random_greedy|none|seed5 (0.2s)
  ok      k=203 main|BeH2_sto-3g_JW|QWC|dtp|none|seed6 (13.8s)
  ok      k=203 main|BeH2_sto-3g_JW|QWC|iterated_greedy|none|seed6 (13.8s)
  ok      k=213 main|BeH2_sto-3g_JW|QWC|random_greedy|none|seed6 (0.2s)
  ok      k=203 main|BeH2_sto-3g_JW|QWC|dtp|none|seed7 (13.8s)
  ok      k=203 main|BeH2_sto-3g_JW|QWC|iterated_greedy|none|seed7 (13.8s)
  ok      k=216 main|BeH2_sto-3g_JW|QWC|random_greedy|none|seed7 (0.2s)
  ok      k=203 main|BeH2_sto-3g_JW|QWC|dtp|none|seed8 (13.8s)
  ok      k=203 main|BeH2_sto-3g_JW|QWC|iterated_greedy|none|seed8 (13.8s)
  ok      k=214 main|BeH2_sto-3g_JW|QWC|random_greedy|none|seed8 (0.2s)
  ok      k=203 main|BeH2_sto-3g_JW|QWC|dtp|none|seed9 (13.7s)
  ok      k=203 main|BeH2_sto-3g_JW|QWC|iterated_greedy|none|seed9 (13.8s)
  ok      k=217 main|BeH2_sto-3g_JW|QWC|random_greedy|none|seed9 (0.2s)
  ok      k=40 main|BeH2_sto-3g_JW|FC|qiskit_lf|none|seed0 (0.6s)
  ok      k=40 main|BeH2_sto-3g_JW|FC|pennylane_lf|none|seed0 (3.4s)
  ok      k=29 main|BeH2_sto-3g_JW|FC|pennylane_dsatur|none|seed0 (3.7s)
  ok      k=45 main|BeH2_sto-3g_JW|FC|pennylane_gis|none|seed0 (3.5s)
  ok      k=28 main|BeH2_sto-3g_JW|FC|smallest_last|none|seed0 (0.2s)
  ok      k=40 main|BeH2_sto-3g_JW|FC|sorted_insertion|none|seed0 (0.2s)
  ok      k=29 main|BeH2_sto-3g_JW|FC|pennylane_rlf|none|seed0 (4.7s)
  ok      k=19 main|BeH2_sto-3g_JW|FC|dtp|none|seed0 (13.6s)
  ok      k=19 main|BeH2_sto-3g_JW|FC|iterated_greedy|none|seed0 (13.6s)
  ok      k=43 main|BeH2_sto-3g_JW|FC|random_greedy|none|seed0 (0.2s)
  ok      k=18 main|BeH2_sto-3g_JW|FC|iterated_greedy|none|seed1 (13.5s)
  ok      k=18 main|BeH2_sto-3g_JW|FC|dtp|none|seed1 (13.8s)
  ok      k=42 main|BeH2_sto-3g_JW|FC|random_greedy|none|seed1 (0.2s)
  ok      k=18 main|BeH2_sto-3g_JW|FC|iterated_greedy|none|seed2 (13.6s)
  ok      k=18 main|BeH2_sto-3g_JW|FC|dtp|none|seed2 (13.7s)
  ok      k=39 main|BeH2_sto-3g_JW|FC|random_greedy|none|seed2 (0.2s)
  ok      k=18 main|BeH2_sto-3g_JW|FC|dtp|none|seed3 (13.8s)
  ok      k=18 main|BeH2_sto-3g_JW|FC|iterated_greedy|none|seed3 (13.8s)
  ok      k=39 main|BeH2_sto-3g_JW|FC|random_greedy|none|seed3 (0.4s)
  ok      k=18 main|BeH2_sto-3g_JW|FC|dtp|none|seed4 (13.8s)
  ok      k=18 main|BeH2_sto-3g_JW|FC|iterated_greedy|none|seed4 (13.6s)
  ok      k=39 main|BeH2_sto-3g_JW|FC|random_greedy|none|seed4 (0.4s)
  ok      k=18 main|BeH2_sto-3g_JW|FC|dtp|none|seed5 (13.7s)
  ok      k=19 main|BeH2_sto-3g_JW|FC|iterated_greedy|none|seed5 (13.5s)
  ok      k=40 main|BeH2_sto-3g_JW|FC|random_greedy|none|seed5 (0.2s)
  ok      k=18 main|BeH2_sto-3g_JW|FC|iterated_greedy|none|seed6 (13.6s)
  ok      k=18 main|BeH2_sto-3g_JW|FC|dtp|none|seed6 (13.8s)
  ok      k=39 main|BeH2_sto-3g_JW|FC|random_greedy|none|seed6 (0.4s)
  ok      k=19 main|BeH2_sto-3g_JW|FC|dtp|none|seed7 (13.7s)
  ok      k=41 main|BeH2_sto-3g_JW|FC|random_greedy|none|seed7 (0.2s)
  ok      k=19 main|BeH2_sto-3g_JW|FC|iterated_greedy|none|seed7 (13.8s)
  ok      k=18 main|BeH2_sto-3g_JW|FC|iterated_greedy|none|seed8 (13.6s)
  ok      k=18 main|BeH2_sto-3g_JW|FC|dtp|none|seed8 (13.8s)
  ok      k=41 main|BeH2_sto-3g_JW|FC|random_greedy|none|seed8 (0.2s)
  ok      k=19 main|BeH2_sto-3g_JW|FC|iterated_greedy|none|seed9 (13.5s)
  ok      k=18 main|BeH2_sto-3g_JW|FC|dtp|none|seed9 (13.8s)
  ok      k=41 main|BeH2_sto-3g_JW|FC|random_greedy|none|seed9 (0.2s)
  ok      k=323 main|H2O_sto-3g_JW|QWC|qiskit_lf|none|seed0 (0.8s)
  ok      k=323 main|H2O_sto-3g_JW|QWC|pennylane_lf|none|seed0 (3.6s)
  ok      k=314 main|H2O_sto-3g_JW|QWC|pennylane_dsatur|none|seed0 (3.4s)
  ok      k=371 main|H2O_sto-3g_JW|QWC|pennylane_gis|none|seed0 (3.8s)
  ok      k=326 main|H2O_sto-3g_JW|QWC|smallest_last|none|seed0 (0.4s)
  ok      k=344 main|H2O_sto-3g_JW|QWC|sorted_insertion|none|seed0 (0.4s)
  ok      k=322 main|H2O_sto-3g_JW|QWC|pennylane_rlf|none|seed0 (6.9s)
  ok      k=314 main|H2O_sto-3g_JW|QWC|dtp|none|seed0 (22.5s)
  ok      k=346 main|H2O_sto-3g_JW|QWC|random_greedy|none|seed0 (0.4s)
  ok      k=314 main|H2O_sto-3g_JW|QWC|iterated_greedy|none|seed0 (22.2s)
  ok      k=314 main|H2O_sto-3g_JW|QWC|dtp|none|seed1 (22.4s)
  ok      k=356 main|H2O_sto-3g_JW|QWC|random_greedy|none|seed1 (0.2s)
  ok      k=314 main|H2O_sto-3g_JW|QWC|iterated_greedy|none|seed1 (22.2s)
  ok      k=314 main|H2O_sto-3g_JW|QWC|dtp|none|seed2 (22.4s)
  ok      k=356 main|H2O_sto-3g_JW|QWC|random_greedy|none|seed2 (0.2s)
  ok      k=314 main|H2O_sto-3g_JW|QWC|iterated_greedy|none|seed2 (22.2s)
  ok      k=314 main|H2O_sto-3g_JW|QWC|dtp|none|seed3 (22.4s)
  ok      k=314 main|H2O_sto-3g_JW|QWC|iterated_greedy|none|seed3 (22.3s)
  ok      k=352 main|H2O_sto-3g_JW|QWC|random_greedy|none|seed3 (0.2s)
  ok      k=314 main|H2O_sto-3g_JW|QWC|iterated_greedy|none|seed4 (22.2s)
  ok      k=314 main|H2O_sto-3g_JW|QWC|dtp|none|seed4 (22.4s)
  ok      k=362 main|H2O_sto-3g_JW|QWC|random_greedy|none|seed4 (0.2s)
  ok      k=314 main|H2O_sto-3g_JW|QWC|iterated_greedy|none|seed5 (22.2s)
  ok      k=314 main|H2O_sto-3g_JW|QWC|dtp|none|seed5 (22.4s)
  ok      k=359 main|H2O_sto-3g_JW|QWC|random_greedy|none|seed5 (0.4s)
  ok      k=314 main|H2O_sto-3g_JW|QWC|dtp|none|seed6 (22.5s)
  ok      k=314 main|H2O_sto-3g_JW|QWC|iterated_greedy|none|seed6 (22.3s)
  ok      k=354 main|H2O_sto-3g_JW|QWC|random_greedy|none|seed6 (0.2s)
  ok      k=314 main|H2O_sto-3g_JW|QWC|iterated_greedy|none|seed7 (22.3s)
  ok      k=314 main|H2O_sto-3g_JW|QWC|dtp|none|seed7 (22.5s)
  ok      k=357 main|H2O_sto-3g_JW|QWC|random_greedy|none|seed7 (0.2s)
  ok      k=314 main|H2O_sto-3g_JW|QWC|dtp|none|seed8 (22.4s)
  ok      k=314 main|H2O_sto-3g_JW|QWC|iterated_greedy|none|seed8 (22.4s)
  ok      k=353 main|H2O_sto-3g_JW|QWC|random_greedy|none|seed8 (0.4s)
  ok      k=314 main|H2O_sto-3g_JW|QWC|dtp|none|seed9 (22.7s)
  ok      k=314 main|H2O_sto-3g_JW|QWC|iterated_greedy|none|seed9 (22.5s)
  ok      k=354 main|H2O_sto-3g_JW|QWC|random_greedy|none|seed9 (0.2s)
  ok      k=51 main|H2O_sto-3g_JW|FC|qiskit_lf|none|seed0 (0.8s)
  ok      k=51 main|H2O_sto-3g_JW|FC|pennylane_lf|none|seed0 (3.4s)
  ok      k=49 main|H2O_sto-3g_JW|FC|pennylane_dsatur|none|seed0 (3.4s)
  ok      k=62 main|H2O_sto-3g_JW|FC|pennylane_gis|none|seed0 (5.3s)
  ok      k=55 main|H2O_sto-3g_JW|FC|smallest_last|none|seed0 (0.4s)
  ok      k=51 main|H2O_sto-3g_JW|FC|sorted_insertion|none|seed0 (0.2s)
  ok      k=36 main|H2O_sto-3g_JW|FC|pennylane_rlf|none|seed0 (9.0s)
  ok      k=27 main|H2O_sto-3g_JW|FC|dtp|none|seed0 (22.2s)
  ok      k=62 main|H2O_sto-3g_JW|FC|random_greedy|none|seed0 (0.4s)
  ok      k=27 main|H2O_sto-3g_JW|FC|iterated_greedy|none|seed0 (22.2s)
  ok      k=28 main|H2O_sto-3g_JW|FC|dtp|none|seed1 (22.3s)
  ok      k=62 main|H2O_sto-3g_JW|FC|random_greedy|none|seed1 (0.4s)
  ok      k=28 main|H2O_sto-3g_JW|FC|iterated_greedy|none|seed1 (22.1s)
  ok      k=30 main|H2O_sto-3g_JW|FC|dtp|none|seed2 (22.3s)
  ok      k=62 main|H2O_sto-3g_JW|FC|random_greedy|none|seed2 (0.4s)
  ok      k=30 main|H2O_sto-3g_JW|FC|iterated_greedy|none|seed2 (22.1s)
  ok      k=29 main|H2O_sto-3g_JW|FC|dtp|none|seed3 (22.2s)
  ok      k=64 main|H2O_sto-3g_JW|FC|random_greedy|none|seed3 (0.4s)
  ok      k=31 main|H2O_sto-3g_JW|FC|iterated_greedy|none|seed3 (22.1s)
  ok      k=30 main|H2O_sto-3g_JW|FC|iterated_greedy|none|seed4 (22.1s)
  ok      k=30 main|H2O_sto-3g_JW|FC|dtp|none|seed4 (22.3s)
  ok      k=62 main|H2O_sto-3g_JW|FC|random_greedy|none|seed4 (0.4s)
  ok      k=29 main|H2O_sto-3g_JW|FC|dtp|none|seed5 (22.2s)
  ok      k=29 main|H2O_sto-3g_JW|FC|iterated_greedy|none|seed5 (22.0s)
  ok      k=61 main|H2O_sto-3g_JW|FC|random_greedy|none|seed5 (0.4s)
  ok      k=30 main|H2O_sto-3g_JW|FC|iterated_greedy|none|seed6 (22.1s)
  ok      k=30 main|H2O_sto-3g_JW|FC|dtp|none|seed6 (22.5s)
  ok      k=62 main|H2O_sto-3g_JW|FC|random_greedy|none|seed6 (0.6s)
  ok      k=30 main|H2O_sto-3g_JW|FC|dtp|none|seed7 (22.5s)
  ok      k=30 main|H2O_sto-3g_JW|FC|iterated_greedy|none|seed7 (22.3s)
  ok      k=63 main|H2O_sto-3g_JW|FC|random_greedy|none|seed7 (0.4s)
  ok      k=29 main|H2O_sto-3g_JW|FC|iterated_greedy|none|seed8 (22.0s)
  ok      k=29 main|H2O_sto-3g_JW|FC|dtp|none|seed8 (22.2s)
  ok      k=62 main|H2O_sto-3g_JW|FC|random_greedy|none|seed8 (0.2s)
  ok      k=30 main|H2O_sto-3g_JW|FC|iterated_greedy|none|seed9 (22.0s)
  ok      k=29 main|H2O_sto-3g_JW|FC|dtp|none|seed9 (22.3s)
  ok      k=58 main|H2O_sto-3g_JW|FC|random_greedy|none|seed9 (0.4s)
  ok      k=881 main|NH3_sto-3g_JW|QWC|smallest_last|none|seed0 (0.4s)
  ok      k=1008 main|NH3_sto-3g_JW|QWC|sorted_insertion|none|seed0 (0.4s)
  ok      k=838 main|NH3_sto-3g_JW|QWC|iterated_greedy|none|seed0 (63.2s)
  ok      k=838 main|NH3_sto-3g_JW|QWC|dtp|none|seed0 (63.6s)
  ok      k=982 main|NH3_sto-3g_JW|QWC|random_greedy|none|seed0 (0.4s)
  ok      k=838 main|NH3_sto-3g_JW|QWC|iterated_greedy|none|seed1 (63.0s)
  ok      k=839 main|NH3_sto-3g_JW|QWC|dtp|none|seed1 (63.3s)
  ok      k=983 main|NH3_sto-3g_JW|QWC|random_greedy|none|seed1 (0.4s)
  ok      k=839 main|NH3_sto-3g_JW|QWC|dtp|none|seed2 (63.1s)
  ok      k=839 main|NH3_sto-3g_JW|QWC|iterated_greedy|none|seed2 (62.9s)
  ok      k=994 main|NH3_sto-3g_JW|QWC|random_greedy|none|seed2 (0.4s)
  ok      k=840 main|NH3_sto-3g_JW|QWC|dtp|none|seed3 (63.1s)
  ok      k=839 main|NH3_sto-3g_JW|QWC|iterated_greedy|none|seed3 (62.9s)
  ok      k=989 main|NH3_sto-3g_JW|QWC|random_greedy|none|seed3 (0.4s)
  ok      k=838 main|NH3_sto-3g_JW|QWC|iterated_greedy|none|seed4 (63.1s)
  ok      k=838 main|NH3_sto-3g_JW|QWC|dtp|none|seed4 (63.5s)
  ok      k=1000 main|NH3_sto-3g_JW|QWC|random_greedy|none|seed4 (0.4s)
  ok      k=839 main|NH3_sto-3g_JW|QWC|dtp|none|seed5 (63.5s)
  ok      k=839 main|NH3_sto-3g_JW|QWC|iterated_greedy|none|seed5 (63.3s)
  ok      k=985 main|NH3_sto-3g_JW|QWC|random_greedy|none|seed5 (0.4s)
  ok      k=838 main|NH3_sto-3g_JW|QWC|iterated_greedy|none|seed6 (63.1s)
  ok      k=838 main|NH3_sto-3g_JW|QWC|dtp|none|seed6 (63.5s)
  ok      k=980 main|NH3_sto-3g_JW|QWC|random_greedy|none|seed6 (0.4s)
  ok      k=840 main|NH3_sto-3g_JW|QWC|dtp|none|seed7 (63.3s)
  ok      k=839 main|NH3_sto-3g_JW|QWC|iterated_greedy|none|seed7 (63.1s)
  ok      k=983 main|NH3_sto-3g_JW|QWC|random_greedy|none|seed7 (0.4s)
  ok      k=837 main|NH3_sto-3g_JW|QWC|iterated_greedy|none|seed8 (62.9s)
  ok      k=837 main|NH3_sto-3g_JW|QWC|dtp|none|seed8 (63.5s)
  ok      k=983 main|NH3_sto-3g_JW|QWC|random_greedy|none|seed8 (0.4s)
  ok      k=838 main|NH3_sto-3g_JW|QWC|iterated_greedy|none|seed9 (62.9s)
  ok      k=986 main|NH3_sto-3g_JW|QWC|random_greedy|none|seed9 (0.4s)
  ok      k=838 main|NH3_sto-3g_JW|QWC|dtp|none|seed9 (63.4s)
  ok      k=110 main|NH3_sto-3g_JW|FC|sorted_insertion|none|seed0 (0.4s)
  ok      k=126 main|NH3_sto-3g_JW|FC|smallest_last|none|seed0 (0.6s)
  ok      k=72 main|NH3_sto-3g_JW|FC|iterated_greedy|none|seed0 (61.1s)
  ok      k=72 main|NH3_sto-3g_JW|FC|dtp|none|seed0 (61.7s)
  ok      k=133 main|NH3_sto-3g_JW|FC|random_greedy|none|seed0 (0.6s)
  ok      k=73 main|NH3_sto-3g_JW|FC|iterated_greedy|none|seed1 (61.2s)
  ok      k=71 main|NH3_sto-3g_JW|FC|dtp|none|seed1 (61.7s)
  ok      k=135 main|NH3_sto-3g_JW|FC|random_greedy|none|seed1 (0.4s)
  ok      k=72 main|NH3_sto-3g_JW|FC|iterated_greedy|none|seed2 (61.2s)
  ok      k=72 main|NH3_sto-3g_JW|FC|dtp|none|seed2 (61.7s)
  ok      k=137 main|NH3_sto-3g_JW|FC|random_greedy|none|seed2 (0.4s)
  ok      k=71 main|NH3_sto-3g_JW|FC|iterated_greedy|none|seed3 (61.2s)
  ok      k=71 main|NH3_sto-3g_JW|FC|dtp|none|seed3 (61.9s)
  ok      k=134 main|NH3_sto-3g_JW|FC|random_greedy|none|seed3 (0.6s)
  ok      k=74 main|NH3_sto-3g_JW|FC|iterated_greedy|none|seed4 (61.3s)
  ok      k=74 main|NH3_sto-3g_JW|FC|dtp|none|seed4 (61.7s)
  ok      k=128 main|NH3_sto-3g_JW|FC|random_greedy|none|seed4 (0.4s)
  ok      k=73 main|NH3_sto-3g_JW|FC|iterated_greedy|none|seed5 (61.2s)
  ok      k=72 main|NH3_sto-3g_JW|FC|dtp|none|seed5 (61.7s)
  ok      k=132 main|NH3_sto-3g_JW|FC|random_greedy|none|seed5 (0.4s)
  ok      k=71 main|NH3_sto-3g_JW|FC|iterated_greedy|none|seed6 (61.2s)
  ok      k=71 main|NH3_sto-3g_JW|FC|dtp|none|seed6 (61.7s)
  ok      k=130 main|NH3_sto-3g_JW|FC|random_greedy|none|seed6 (0.4s)
  ok      k=73 main|NH3_sto-3g_JW|FC|iterated_greedy|none|seed7 (61.2s)
  ok      k=72 main|NH3_sto-3g_JW|FC|dtp|none|seed7 (61.8s)
  ok      k=130 main|NH3_sto-3g_JW|FC|random_greedy|none|seed7 (0.4s)
  ok      k=72 main|NH3_sto-3g_JW|FC|iterated_greedy|none|seed8 (61.1s)
  ok      k=133 main|NH3_sto-3g_JW|FC|random_greedy|none|seed8 (0.4s)
  ok      k=72 main|NH3_sto-3g_JW|FC|dtp|none|seed8 (61.7s)
  ok      k=73 main|NH3_sto-3g_JW|FC|dtp|none|seed9 (61.7s)
  ok      k=74 main|NH3_sto-3g_JW|FC|iterated_greedy|none|seed9 (61.5s)
  ok      k=129 main|NH3_sto-3g_JW|FC|random_greedy|none|seed9 (0.6s)
  ok      k=2082 main|CH4_sto-3g_JW|QWC|smallest_last|none|seed0 (1.8s)
  ok      k=2340 main|CH4_sto-3g_JW|QWC|sorted_insertion|none|seed0 (1.4s)
  ok      k=1965 main|CH4_sto-3g_JW|QWC|iterated_greedy|none|seed0 (142.4s)
  ok      k=2305 main|CH4_sto-3g_JW|QWC|random_greedy|none|seed0 (1.0s)
  ok      k=1965 main|CH4_sto-3g_JW|QWC|dtp|none|seed0 (144.6s)
  ok      k=1960 main|CH4_sto-3g_JW|QWC|iterated_greedy|none|seed1 (142.3s)
  ok      k=1960 main|CH4_sto-3g_JW|QWC|dtp|none|seed1 (143.8s)
  ok      k=2331 main|CH4_sto-3g_JW|QWC|random_greedy|none|seed1 (0.8s)
  ok      k=1963 main|CH4_sto-3g_JW|QWC|iterated_greedy|none|seed2 (142.1s)
  ok      k=2339 main|CH4_sto-3g_JW|QWC|random_greedy|none|seed2 (1.0s)
  ok      k=1963 main|CH4_sto-3g_JW|QWC|dtp|none|seed2 (143.6s)
  ok      k=173 main|CH4_sto-3g_JW|FC|sorted_insertion|none|seed0 (1.2s)
  ok      k=270 main|CH4_sto-3g_JW|FC|smallest_last|none|seed0 (1.4s)
  ok      k=147 main|CH4_sto-3g_JW|FC|iterated_greedy|none|seed0 (140.2s)
  ok      k=252 main|CH4_sto-3g_JW|FC|random_greedy|none|seed0 (1.2s)
  ok      k=147 main|CH4_sto-3g_JW|FC|dtp|none|seed0 (142.4s)
  ok      k=145 main|CH4_sto-3g_JW|FC|iterated_greedy|none|seed1 (140.3s)
  ok      k=145 main|CH4_sto-3g_JW|FC|dtp|none|seed1 (142.3s)
  ok      k=257 main|CH4_sto-3g_JW|FC|random_greedy|none|seed1 (1.2s)
  ok      k=144 main|CH4_sto-3g_JW|FC|iterated_greedy|none|seed2 (140.3s)
  ok      k=253 main|CH4_sto-3g_JW|FC|random_greedy|none|seed2 (1.2s)
  ok      k=1194 main|N2_sto-3g_JW|QWC|smallest_last|none|seed0 (0.4s)
  ok      k=144 main|CH4_sto-3g_JW|FC|dtp|none|seed2 (142.1s)
  ok      k=1267 main|N2_sto-3g_JW|QWC|sorted_insertion|none|seed0 (0.4s)
  ok      k=1171 main|N2_sto-3g_JW|QWC|dtp|none|seed0 (61.7s)
  ok      k=1171 main|N2_sto-3g_JW|QWC|iterated_greedy|none|seed0 (61.7s)
  ok      k=1260 main|N2_sto-3g_JW|QWC|random_greedy|none|seed0 (0.4s)
  ok      k=1171 main|N2_sto-3g_JW|QWC|dtp|none|seed1 (61.6s)
  ok      k=1171 main|N2_sto-3g_JW|QWC|iterated_greedy|none|seed1 (61.4s)
  ok      k=1264 main|N2_sto-3g_JW|QWC|random_greedy|none|seed1 (0.4s)
  ok      k=1171 main|N2_sto-3g_JW|QWC|iterated_greedy|none|seed2 (61.5s)
  ok      k=1171 main|N2_sto-3g_JW|QWC|dtp|none|seed2 (61.9s)
  ok      k=1276 main|N2_sto-3g_JW|QWC|random_greedy|none|seed2 (0.4s)
  ok      k=1171 main|N2_sto-3g_JW|QWC|dtp|none|seed3 (62.1s)
  ok      k=1170 main|N2_sto-3g_JW|QWC|iterated_greedy|none|seed3 (61.7s)
  ok      k=1264 main|N2_sto-3g_JW|QWC|random_greedy|none|seed3 (0.4s)
=== resumed 2026-10-01T18:57:24Z after container restart (previous process stopped after the last row written at 2026-10-01T15:33:56Z) ===
[main] planned 604 jobs, 396 done, 138 light + 70 heavy to run
  ok      k=1171 main|N2_sto-3g_JW|QWC|iterated_greedy|none|seed4 (61.1s)
  ok      k=1171 main|N2_sto-3g_JW|QWC|dtp|none|seed4 (61.5s)
  ok      k=1263 main|N2_sto-3g_JW|QWC|random_greedy|none|seed4 (0.4s)
  ok      k=1171 main|N2_sto-3g_JW|QWC|iterated_greedy|none|seed5 (61.0s)
  ok      k=1263 main|N2_sto-3g_JW|QWC|random_greedy|none|seed5 (0.4s)
  ok      k=1171 main|N2_sto-3g_JW|QWC|dtp|none|seed5 (61.5s)
  ok      k=1170 main|N2_sto-3g_JW|QWC|iterated_greedy|none|seed6 (61.0s)
  ok      k=1276 main|N2_sto-3g_JW|QWC|random_greedy|none|seed6 (0.4s)
  ok      k=1170 main|N2_sto-3g_JW|QWC|dtp|none|seed6 (61.6s)
  ok      k=1171 main|N2_sto-3g_JW|QWC|iterated_greedy|none|seed7 (61.2s)
  ok      k=1171 main|N2_sto-3g_JW|QWC|dtp|none|seed7 (61.4s)
  ok      k=1257 main|N2_sto-3g_JW|QWC|random_greedy|none|seed7 (0.4s)
  ok      k=1171 main|N2_sto-3g_JW|QWC|iterated_greedy|none|seed8 (61.3s)
  ok      k=1170 main|N2_sto-3g_JW|QWC|dtp|none|seed8 (61.7s)
  ok      k=1266 main|N2_sto-3g_JW|QWC|random_greedy|none|seed8 (0.4s)
  ok      k=1171 main|N2_sto-3g_JW|QWC|dtp|none|seed9 (61.5s)
  ok      k=1171 main|N2_sto-3g_JW|QWC|iterated_greedy|none|seed9 (61.3s)
  ok      k=1264 main|N2_sto-3g_JW|QWC|random_greedy|none|seed9 (0.4s)
  ok      k=84 main|N2_sto-3g_JW|FC|smallest_last|none|seed0 (0.6s)
  ok      k=78 main|N2_sto-3g_JW|FC|sorted_insertion|none|seed0 (0.4s)
  ok      k=45 main|N2_sto-3g_JW|FC|iterated_greedy|none|seed0 (59.6s)
  ok      k=127 main|N2_sto-3g_JW|FC|random_greedy|none|seed0 (0.4s)
  ok      k=45 main|N2_sto-3g_JW|FC|dtp|none|seed0 (60.1s)
  ok      k=45 main|N2_sto-3g_JW|FC|iterated_greedy|none|seed1 (59.8s)
  ok      k=45 main|N2_sto-3g_JW|FC|dtp|none|seed1 (60.0s)
  ok      k=131 main|N2_sto-3g_JW|FC|random_greedy|none|seed1 (0.4s)
  ok      k=39 main|N2_sto-3g_JW|FC|iterated_greedy|none|seed2 (59.8s)
  ok      k=39 main|N2_sto-3g_JW|FC|dtp|none|seed2 (60.2s)
  ok      k=132 main|N2_sto-3g_JW|FC|random_greedy|none|seed2 (0.4s)
  ok      k=46 main|N2_sto-3g_JW|FC|iterated_greedy|none|seed3 (59.6s)
  ok      k=45 main|N2_sto-3g_JW|FC|dtp|none|seed3 (60.2s)
  ok      k=125 main|N2_sto-3g_JW|FC|random_greedy|none|seed3 (0.4s)
  ok      k=38 main|N2_sto-3g_JW|FC|iterated_greedy|none|seed4 (59.8s)
  ok      k=38 main|N2_sto-3g_JW|FC|dtp|none|seed4 (60.0s)
  ok      k=122 main|N2_sto-3g_JW|FC|random_greedy|none|seed4 (0.4s)
  ok      k=44 main|N2_sto-3g_JW|FC|iterated_greedy|none|seed5 (59.9s)
  ok      k=43 main|N2_sto-3g_JW|FC|dtp|none|seed5 (60.3s)
  ok      k=119 main|N2_sto-3g_JW|FC|random_greedy|none|seed5 (0.4s)
  ok      k=36 main|N2_sto-3g_JW|FC|iterated_greedy|none|seed6 (59.7s)
  ok      k=36 main|N2_sto-3g_JW|FC|dtp|none|seed6 (60.1s)
  ok      k=133 main|N2_sto-3g_JW|FC|random_greedy|none|seed6 (0.4s)
  ok      k=45 main|N2_sto-3g_JW|FC|iterated_greedy|none|seed7 (59.6s)
  ok      k=42 main|N2_sto-3g_JW|FC|dtp|none|seed7 (60.2s)
  ok      k=127 main|N2_sto-3g_JW|FC|random_greedy|none|seed7 (0.4s)
  ok      k=45 main|N2_sto-3g_JW|FC|iterated_greedy|none|seed8 (59.6s)
  ok      k=127 main|N2_sto-3g_JW|FC|random_greedy|none|seed8 (0.4s)
  ok      k=43 main|N2_sto-3g_JW|FC|dtp|none|seed8 (60.2s)
  ok      k=46 main|N2_sto-3g_JW|FC|iterated_greedy|none|seed9 (59.8s)
  ok      k=46 main|N2_sto-3g_JW|FC|dtp|none|seed9 (60.4s)
  ok      k=129 main|N2_sto-3g_JW|FC|random_greedy|none|seed9 (0.4s)
  ok      k=2122 main|CO_sto-3g_JW|QWC|sorted_insertion|none|seed0 (0.6s)
  ok      k=1925 main|CO_sto-3g_JW|QWC|smallest_last|none|seed0 (0.8s)
  ok      k=1864 main|CO_sto-3g_JW|QWC|iterated_greedy|none|seed0 (121.1s)
  ok      k=1864 main|CO_sto-3g_JW|QWC|dtp|none|seed0 (121.7s)
  ok      k=2129 main|CO_sto-3g_JW|QWC|random_greedy|none|seed0 (0.6s)
  ok      k=1866 main|CO_sto-3g_JW|QWC|iterated_greedy|none|seed1 (120.9s)
  ok      k=2130 main|CO_sto-3g_JW|QWC|random_greedy|none|seed1 (0.6s)
  ok      k=1866 main|CO_sto-3g_JW|QWC|dtp|none|seed1 (121.8s)
  ok      k=1865 main|CO_sto-3g_JW|QWC|iterated_greedy|none|seed2 (121.1s)
  ok      k=1865 main|CO_sto-3g_JW|QWC|dtp|none|seed2 (121.9s)
  ok      k=2130 main|CO_sto-3g_JW|QWC|random_greedy|none|seed2 (0.8s)
  ok      k=156 main|CO_sto-3g_JW|FC|sorted_insertion|none|seed0 (0.8s)
  ok      k=170 main|CO_sto-3g_JW|FC|smallest_last|none|seed0 (1.0s)
  ok      k=97 main|CO_sto-3g_JW|FC|iterated_greedy|none|seed0 (118.9s)
  ok      k=212 main|CO_sto-3g_JW|FC|random_greedy|none|seed0 (1.4s)
  ok      k=97 main|CO_sto-3g_JW|FC|dtp|none|seed0 (120.5s)
  ok      k=98 main|CO_sto-3g_JW|FC|iterated_greedy|none|seed1 (118.5s)
  ok      k=203 main|CO_sto-3g_JW|FC|random_greedy|none|seed1 (0.8s)
  ok      k=98 main|CO_sto-3g_JW|FC|dtp|none|seed1 (120.2s)
  ok      k=97 main|CO_sto-3g_JW|FC|iterated_greedy|none|seed2 (118.7s)
  ok      k=97 main|CO_sto-3g_JW|FC|dtp|none|seed2 (119.5s)
  ok      k=206 main|CO_sto-3g_JW|FC|random_greedy|none|seed2 (0.8s)
  ok      k=1886 main|HCl_sto-3g_JW|QWC|smallest_last|none|seed0 (0.8s)
  ok      k=2114 main|HCl_sto-3g_JW|QWC|sorted_insertion|none|seed0 (0.6s)
  ok      k=1833 main|HCl_sto-3g_JW|QWC|iterated_greedy|none|seed0 (121.1s)
  ok      k=2073 main|HCl_sto-3g_JW|QWC|random_greedy|none|seed0 (0.6s)
  ok      k=1833 main|HCl_sto-3g_JW|QWC|dtp|none|seed0 (122.4s)
  ok      k=1832 main|HCl_sto-3g_JW|QWC|iterated_greedy|none|seed1 (121.5s)
  ok      k=2080 main|HCl_sto-3g_JW|QWC|random_greedy|none|seed1 (0.6s)
  ok      k=1832 main|HCl_sto-3g_JW|QWC|dtp|none|seed1 (122.3s)
  ok      k=1832 main|HCl_sto-3g_JW|QWC|iterated_greedy|none|seed2 (121.1s)
  ok      k=2080 main|HCl_sto-3g_JW|QWC|random_greedy|none|seed2 (0.6s)
  ok      k=1833 main|HCl_sto-3g_JW|QWC|dtp|none|seed2 (121.9s)
  ok      k=147 main|HCl_sto-3g_JW|FC|sorted_insertion|none|seed0 (0.8s)
  ok      k=173 main|HCl_sto-3g_JW|FC|smallest_last|none|seed0 (1.2s)
  ok      k=97 main|HCl_sto-3g_JW|FC|iterated_greedy|none|seed0 (118.5s)
  ok      k=97 main|HCl_sto-3g_JW|FC|dtp|none|seed0 (119.7s)
  ok      k=207 main|HCl_sto-3g_JW|FC|random_greedy|none|seed0 (0.8s)
  ok      k=98 main|HCl_sto-3g_JW|FC|iterated_greedy|none|seed1 (118.6s)
  ok      k=215 main|HCl_sto-3g_JW|FC|random_greedy|none|seed1 (0.8s)
  ok      k=98 main|HCl_sto-3g_JW|FC|dtp|none|seed1 (119.7s)
  ok      k=97 main|HCl_sto-3g_JW|FC|iterated_greedy|none|seed2 (118.4s)
  ok      k=205 main|HCl_sto-3g_JW|FC|random_greedy|none|seed2 (0.8s)
  ok      k=97 main|HCl_sto-3g_JW|FC|dtp|none|seed2 (119.7s)
  ok      k=2088 main|NaH_sto-3g_JW|QWC|sorted_insertion|none|seed0 (0.6s)
  ok      k=1794 main|NaH_sto-3g_JW|QWC|smallest_last|none|seed0 (0.8s)
  ok      k=1759 main|NaH_sto-3g_JW|QWC|iterated_greedy|none|seed0 (121.0s)
  ok      k=2051 main|NaH_sto-3g_JW|QWC|random_greedy|none|seed0 (0.6s)
  ok      k=1759 main|NaH_sto-3g_JW|QWC|dtp|none|seed0 (121.8s)
  ok      k=1760 main|NaH_sto-3g_JW|QWC|iterated_greedy|none|seed1 (121.3s)
  ok      k=1760 main|NaH_sto-3g_JW|QWC|dtp|none|seed1 (121.9s)
  ok      k=2047 main|NaH_sto-3g_JW|QWC|random_greedy|none|seed1 (0.6s)
  ok      k=1759 main|NaH_sto-3g_JW|QWC|iterated_greedy|none|seed2 (121.1s)
  ok      k=1759 main|NaH_sto-3g_JW|QWC|dtp|none|seed2 (122.1s)
  ok      k=2033 main|NaH_sto-3g_JW|QWC|random_greedy|none|seed2 (0.8s)
  ok      k=169 main|NaH_sto-3g_JW|FC|smallest_last|none|seed0 (1.0s)
  ok      k=151 main|NaH_sto-3g_JW|FC|sorted_insertion|none|seed0 (1.0s)
  ok      k=99 main|NaH_sto-3g_JW|FC|iterated_greedy|none|seed0 (118.6s)
  ok      k=207 main|NaH_sto-3g_JW|FC|random_greedy|none|seed0 (0.8s)
  ok      k=99 main|NaH_sto-3g_JW|FC|dtp|none|seed0 (119.7s)
  ok      k=98 main|NaH_sto-3g_JW|FC|iterated_greedy|none|seed1 (118.7s)
  ok      k=208 main|NaH_sto-3g_JW|FC|random_greedy|none|seed1 (0.8s)
  ok      k=98 main|NaH_sto-3g_JW|FC|dtp|none|seed1 (120.1s)
  ok      k=96 main|NaH_sto-3g_JW|FC|iterated_greedy|none|seed2 (118.4s)
  ok      k=214 main|NaH_sto-3g_JW|FC|random_greedy|none|seed2 (0.8s)
  ok      k=96 main|NaH_sto-3g_JW|FC|dtp|none|seed2 (119.8s)
  ok      k=2107 main|H2S_sto-3g_JW|QWC|sorted_insertion|none|seed0 (0.8s)
  ok      k=1827 main|H2S_sto-3g_JW|QWC|smallest_last|none|seed0 (1.0s)
  ok      k=1741 main|H2S_sto-3g_JW|QWC|iterated_greedy|none|seed0 (128.9s)
  ok      k=2072 main|H2S_sto-3g_JW|QWC|random_greedy|none|seed0 (0.8s)
  ok      k=1741 main|H2S_sto-3g_JW|QWC|dtp|none|seed0 (130.3s)
  ok      k=1742 main|H2S_sto-3g_JW|QWC|iterated_greedy|none|seed1 (129.2s)
  ok      k=1742 main|H2S_sto-3g_JW|QWC|dtp|none|seed1 (130.0s)
  ok      k=2068 main|H2S_sto-3g_JW|QWC|random_greedy|none|seed1 (0.8s)
  ok      k=1739 main|H2S_sto-3g_JW|QWC|iterated_greedy|none|seed2 (129.0s)
  ok      k=1739 main|H2S_sto-3g_JW|QWC|dtp|none|seed2 (129.8s)
  ok      k=2061 main|H2S_sto-3g_JW|QWC|random_greedy|none|seed2 (0.8s)
  ok      k=163 main|H2S_sto-3g_JW|FC|smallest_last|none|seed0 (1.2s)
  ok      k=159 main|H2S_sto-3g_JW|FC|sorted_insertion|none|seed0 (1.0s)
  ok      k=95 main|H2S_sto-3g_JW|FC|iterated_greedy|none|seed0 (126.8s)
  ok      k=208 main|H2S_sto-3g_JW|FC|random_greedy|none|seed0 (1.0s)
  ok      k=95 main|H2S_sto-3g_JW|FC|dtp|none|seed0 (128.2s)
  ok      k=95 main|H2S_sto-3g_JW|FC|iterated_greedy|none|seed1 (126.5s)
  ok      k=206 main|H2S_sto-3g_JW|FC|random_greedy|none|seed1 (1.0s)
  ok      k=95 main|H2S_sto-3g_JW|FC|dtp|none|seed1 (128.0s)
  ok      k=94 main|H2S_sto-3g_JW|FC|iterated_greedy|none|seed2 (126.7s)
  ok      k=94 main|H2S_sto-3g_JW|FC|dtp|none|seed2 (127.9s)
  ok      k=211 main|H2S_sto-3g_JW|FC|random_greedy|none|seed2 (1.0s)
  ok      k=868 main|NH3_sto-3g_JW|QWC|qiskit_lf|none|seed0 (3.0s)
  ok      k=868 main|NH3_sto-3g_JW|QWC|pennylane_lf|none|seed0 (5.8s)
  ok      k=849 main|NH3_sto-3g_JW|QWC|pennylane_dsatur|none|seed0 (6.0s)
  ok      k=861 main|NH3_sto-3g_JW|QWC|pennylane_rlf|none|seed0 (32.4s)
  ok      k=1054 main|NH3_sto-3g_JW|QWC|pennylane_gis|none|seed0 (5.2s)
  ok      k=114 main|NH3_sto-3g_JW|FC|qiskit_lf|none|seed0 (2.0s)
  ok      k=114 main|NH3_sto-3g_JW|FC|pennylane_lf|none|seed0 (4.6s)
  ok      k=96 main|NH3_sto-3g_JW|FC|pennylane_dsatur|none|seed0 (4.8s)
  ok      k=95 main|NH3_sto-3g_JW|FC|pennylane_rlf|none|seed0 (28.6s)
  ok      k=140 main|NH3_sto-3g_JW|FC|pennylane_gis|none|seed0 (4.8s)
  ok      k=2055 main|CH4_sto-3g_JW|QWC|qiskit_lf|none|seed0 (14.9s)
  ok      k=2055 main|CH4_sto-3g_JW|QWC|pennylane_lf|none|seed0 (18.1s)
  ok      k=2003 main|CH4_sto-3g_JW|QWC|pennylane_dsatur|none|seed0 (26.0s)
  ok      k=2033 main|CH4_sto-3g_JW|QWC|pennylane_rlf|none|seed0 (340.8s)
  ok      k=2500 main|CH4_sto-3g_JW|QWC|pennylane_gis|none|seed0 (15.9s)
  ok      k=266 main|CH4_sto-3g_JW|FC|qiskit_lf|none|seed0 (8.7s)
  ok      k=266 main|CH4_sto-3g_JW|FC|pennylane_lf|none|seed0 (12.1s)
  ok      k=199 main|CH4_sto-3g_JW|FC|pennylane_dsatur|none|seed0 (14.7s)
  ok      k=224 main|CH4_sto-3g_JW|FC|pennylane_rlf|none|seed0 (227.5s)
  ok      k=255 main|CH4_sto-3g_JW|FC|pennylane_gis|none|seed0 (11.9s)
  ok      k=1187 main|N2_sto-3g_JW|QWC|qiskit_lf|none|seed0 (2.8s)
  ok      k=1187 main|N2_sto-3g_JW|QWC|pennylane_lf|none|seed0 (5.4s)
  ok      k=1178 main|N2_sto-3g_JW|QWC|pennylane_dsatur|none|seed0 (6.2s)
  ok      k=1193 main|N2_sto-3g_JW|QWC|pennylane_rlf|none|seed0 (34.7s)
  ok      k=1340 main|N2_sto-3g_JW|QWC|pennylane_gis|none|seed0 (5.2s)
  ok      k=95 main|N2_sto-3g_JW|FC|qiskit_lf|none|seed0 (2.0s)
  ok      k=95 main|N2_sto-3g_JW|FC|pennylane_lf|none|seed0 (4.6s)
  ok      k=86 main|N2_sto-3g_JW|FC|pennylane_dsatur|none|seed0 (4.8s)
  ok      k=69 main|N2_sto-3g_JW|FC|pennylane_rlf|none|seed0 (29.8s)
  ok      k=127 main|N2_sto-3g_JW|FC|pennylane_gis|none|seed0 (4.8s)
  ok      k=1890 main|CO_sto-3g_JW|QWC|qiskit_lf|none|seed0 (10.3s)
  ok      k=1890 main|CO_sto-3g_JW|QWC|pennylane_lf|none|seed0 (13.7s)
  ok      k=1874 main|CO_sto-3g_JW|QWC|pennylane_dsatur|none|seed0 (18.7s)
  ok      k=1890 main|CO_sto-3g_JW|QWC|pennylane_rlf|none|seed0 (205.7s)
  ok      k=2279 main|CO_sto-3g_JW|QWC|pennylane_gis|none|seed0 (12.5s)
  ok      k=172 main|CO_sto-3g_JW|FC|qiskit_lf|none|seed0 (6.0s)
  ok      k=172 main|CO_sto-3g_JW|FC|pennylane_lf|none|seed0 (9.1s)
  ok      k=149 main|CO_sto-3g_JW|FC|pennylane_dsatur|none|seed0 (10.9s)
  ok      k=140 main|CO_sto-3g_JW|FC|pennylane_rlf|none|seed0 (172.8s)
  ok      k=209 main|CO_sto-3g_JW|FC|pennylane_gis|none|seed0 (9.5s)
  ok      k=1867 main|HCl_sto-3g_JW|QWC|qiskit_lf|none|seed0 (10.9s)
  ok      k=1867 main|HCl_sto-3g_JW|QWC|pennylane_lf|none|seed0 (13.7s)
  ok      k=1844 main|HCl_sto-3g_JW|QWC|pennylane_dsatur|none|seed0 (18.5s)
  ok      k=1870 main|HCl_sto-3g_JW|QWC|pennylane_rlf|none|seed0 (225.4s)
  ok      k=2221 main|HCl_sto-3g_JW|QWC|pennylane_gis|none|seed0 (12.3s)
  ok      k=178 main|HCl_sto-3g_JW|FC|qiskit_lf|none|seed0 (5.9s)
  ok      k=178 main|HCl_sto-3g_JW|FC|pennylane_lf|none|seed0 (9.5s)
  ok      k=152 main|HCl_sto-3g_JW|FC|pennylane_dsatur|none|seed0 (11.1s)
  ok      k=142 main|HCl_sto-3g_JW|FC|pennylane_rlf|none|seed0 (172.7s)
  ok      k=217 main|HCl_sto-3g_JW|FC|pennylane_gis|none|seed0 (9.7s)
  ok      k=1815 main|NaH_sto-3g_JW|QWC|qiskit_lf|none|seed0 (10.5s)
  ok      k=1815 main|NaH_sto-3g_JW|QWC|pennylane_lf|none|seed0 (14.1s)
  ok      k=1766 main|NaH_sto-3g_JW|QWC|pennylane_dsatur|none|seed0 (18.5s)
  ok      k=1820 main|NaH_sto-3g_JW|QWC|pennylane_rlf|none|seed0 (195.4s)
  ok      k=2176 main|NaH_sto-3g_JW|QWC|pennylane_gis|none|seed0 (12.1s)
  ok      k=175 main|NaH_sto-3g_JW|FC|qiskit_lf|none|seed0 (6.2s)
  ok      k=175 main|NaH_sto-3g_JW|FC|pennylane_lf|none|seed0 (9.5s)
  ok      k=154 main|NaH_sto-3g_JW|FC|pennylane_dsatur|none|seed0 (10.7s)
  ok      k=136 main|NaH_sto-3g_JW|FC|pennylane_rlf|none|seed0 (175.7s)
  ok      k=212 main|NaH_sto-3g_JW|FC|pennylane_gis|none|seed0 (9.3s)
  ok      k=1821 main|H2S_sto-3g_JW|QWC|qiskit_lf|none|seed0 (11.9s)
  ok      k=1821 main|H2S_sto-3g_JW|QWC|pennylane_lf|none|seed0 (15.3s)
  ok      k=1782 main|H2S_sto-3g_JW|QWC|pennylane_dsatur|none|seed0 (20.6s)
  ok      k=1794 main|H2S_sto-3g_JW|QWC|pennylane_rlf|none|seed0 (269.9s)
  ok      k=2238 main|H2S_sto-3g_JW|QWC|pennylane_gis|none|seed0 (13.5s)
  ok      k=178 main|H2S_sto-3g_JW|FC|qiskit_lf|none|seed0 (7.0s)
  ok      k=178 main|H2S_sto-3g_JW|FC|pennylane_lf|none|seed0 (10.5s)
  ok      k=137 main|H2S_sto-3g_JW|FC|pennylane_dsatur|none|seed0 (12.3s)
  ok      k=139 main|H2S_sto-3g_JW|FC|pennylane_rlf|none|seed0 (184.9s)
  ok      k=216 main|H2S_sto-3g_JW|FC|pennylane_gis|none|seed0 (10.3s)
[g3] planned 88 jobs, 0 done, 88 light + 0 heavy to run
  ok      k=19 g3|BeH2_sto-3g_JW|FC|dtp|none|seed0|replay2 (31.3s)
  ok      k=19 g3|BeH2_sto-3g_JW|FC|dtp|none|seed0|replay1 (31.9s)
  ok      k=19 g3|BeH2_sto-3g_JW|FC|dtp|none|seed0|timed_repeat (13.5s)
  ok      k=19 g3|BeH2_sto-3g_JW|FC|dtp|none|seed0|replay3 (31.1s)
  ok      k=203 g3|BeH2_sto-3g_JW|QWC|dtp|none|seed0|replay1 (43.9s)
  ok      k=203 g3|BeH2_sto-3g_JW|QWC|dtp|none|seed0|replay2 (44.5s)
  ok      k=203 g3|BeH2_sto-3g_JW|QWC|dtp|none|seed0|timed_repeat (14.0s)
  ok      k=203 g3|BeH2_sto-3g_JW|QWC|dtp|none|seed0|replay3 (42.4s)
  ok      k=147 g3|CH4_sto-3g_JW|FC|dtp|none|seed0|replay1 (169.7s)
  ok      k=147 g3|CH4_sto-3g_JW|FC|dtp|none|seed0|replay2 (165.5s)
  ok      k=146 g3|CH4_sto-3g_JW|FC|dtp|none|seed0|timed_repeat (141.6s)
  ok      k=147 g3|CH4_sto-3g_JW|FC|dtp|none|seed0|replay3 (161.8s)
  ok      k=1965 g3|CH4_sto-3g_JW|QWC|dtp|none|seed0|replay1 (157.5s)
  ok      k=1965 g3|CH4_sto-3g_JW|QWC|dtp|none|seed0|replay2 (156.6s)
  ok      k=1960 g3|CH4_sto-3g_JW|QWC|dtp|none|seed0|timed_repeat (142.5s)
  ok      k=1965 g3|CH4_sto-3g_JW|QWC|dtp|none|seed0|replay3 (155.3s)
  ok      k=97 g3|CO_sto-3g_JW|FC|dtp|none|seed0|replay1 (158.0s)
  ok      k=97 g3|CO_sto-3g_JW|FC|dtp|none|seed0|replay2 (163.6s)
=== resumed 2026-10-02T07:43:48Z after second container restart (previous process stopped after the last row written at 2026-10-01T21:05:51Z) ===
[main] planned 604 jobs, 604 done, 0 light + 0 heavy to run
[g3] planned 88 jobs, 18 done, 70 light + 0 heavy to run
  ok      k=100 g3|CO_sto-3g_JW|FC|dtp|none|seed0|timed_repeat (119.9s)
  ok      k=97 g3|CO_sto-3g_JW|FC|dtp|none|seed0|replay3 (221.4s)
  ok      k=1864 g3|CO_sto-3g_JW|QWC|dtp|none|seed0|replay1 (226.7s)
  ok      k=1864 g3|CO_sto-3g_JW|QWC|dtp|none|seed0|replay2 (230.1s)
  ok      k=1864 g3|CO_sto-3g_JW|QWC|dtp|none|seed0|timed_repeat (122.2s)
  ok      k=1864 g3|CO_sto-3g_JW|QWC|dtp|none|seed0|replay3 (229.0s)
  ok      k=27 g3|H2O_sto-3g_JW|FC|dtp|none|seed0|replay1 (47.5s)
  ok      k=27 g3|H2O_sto-3g_JW|FC|dtp|none|seed0|replay2 (46.7s)
  ok      k=27 g3|H2O_sto-3g_JW|FC|dtp|none|seed0|timed_repeat (22.2s)
  ok      k=27 g3|H2O_sto-3g_JW|FC|dtp|none|seed0|replay3 (48.7s)
  ok      k=314 g3|H2O_sto-3g_JW|QWC|dtp|none|seed0|replay1 (68.3s)
  ok      k=314 g3|H2O_sto-3g_JW|QWC|dtp|none|seed0|replay2 (67.5s)
  ok      k=314 g3|H2O_sto-3g_JW|QWC|dtp|none|seed0|timed_repeat (22.4s)
  ok      k=314 g3|H2O_sto-3g_JW|QWC|dtp|none|seed0|replay3 (68.3s)
  ok      k=95 g3|H2S_sto-3g_JW|FC|dtp|none|seed0|replay1 (245.2s)
  ok      k=95 g3|H2S_sto-3g_JW|FC|dtp|none|seed0|replay2 (248.8s)
  ok      k=98 g3|H2S_sto-3g_JW|FC|dtp|none|seed0|timed_repeat (128.8s)
  ok      k=95 g3|H2S_sto-3g_JW|FC|dtp|none|seed0|replay3 (235.7s)
  ok      k=1741 g3|H2S_sto-3g_JW|QWC|dtp|none|seed0|replay1 (249.8s)
  ok      k=1741 g3|H2S_sto-3g_JW|QWC|dtp|none|seed0|replay2 (258.5s)
  ok      k=1743 g3|H2S_sto-3g_JW|QWC|dtp|none|seed0|timed_repeat (132.0s)
  ok      k=2 g3|H2_sto-3g_JW|FC|dtp|none|seed0|replay1 (0.4s)
  ok      k=2 g3|H2_sto-3g_JW|FC|dtp|none|seed0|replay2 (0.4s)
  ok      k=2 g3|H2_sto-3g_JW|FC|dtp|none|seed0|replay3 (0.4s)
  ok      k=2 g3|H2_sto-3g_JW|FC|dtp|none|seed0|timed_repeat (0.2s)
  ok      k=5 g3|H2_sto-3g_JW|QWC|dtp|none|seed0|replay1 (0.4s)
  ok      k=5 g3|H2_sto-3g_JW|QWC|dtp|none|seed0|replay2 (0.2s)
  ok      k=5 g3|H2_sto-3g_JW|QWC|dtp|none|seed0|replay3 (0.2s)
  ok      k=5 g3|H2_sto-3g_JW|QWC|dtp|none|seed0|timed_repeat (0.2s)
  ok      k=1741 g3|H2S_sto-3g_JW|QWC|dtp|none|seed0|replay3 (262.1s)
  ok      k=97 g3|HCl_sto-3g_JW|FC|dtp|none|seed0|replay1 (218.6s)
  ok      k=97 g3|HCl_sto-3g_JW|FC|dtp|none|seed0|replay2 (214.8s)
  ok      k=99 g3|HCl_sto-3g_JW|FC|dtp|none|seed0|timed_repeat (120.1s)
  ok      k=97 g3|HCl_sto-3g_JW|FC|dtp|none|seed0|replay3 (219.7s)
  ok      k=1833 g3|HCl_sto-3g_JW|QWC|dtp|none|seed0|replay1 (212.8s)
  ok      k=1833 g3|HCl_sto-3g_JW|QWC|dtp|none|seed0|replay2 (205.0s)
  ok      k=1833 g3|HCl_sto-3g_JW|QWC|dtp|none|seed0|timed_repeat (122.9s)
  ok      k=1833 g3|HCl_sto-3g_JW|QWC|dtp|none|seed0|replay3 (198.2s)
  ok      k=23 g3|LiH_sto-3g_JW|FC|dtp|none|seed0|replay1 (40.6s)
  ok      k=23 g3|LiH_sto-3g_JW|FC|dtp|none|seed0|replay2 (40.6s)
  ok      k=23 g3|LiH_sto-3g_JW|FC|dtp|none|seed0|timed_repeat (12.9s)
  ok      k=23 g3|LiH_sto-3g_JW|FC|dtp|none|seed0|replay3 (39.4s)
  ok      k=145 g3|LiH_sto-3g_JW|QWC|dtp|none|seed0|replay1 (46.1s)
  ok      k=145 g3|LiH_sto-3g_JW|QWC|dtp|none|seed0|replay2 (46.5s)
  ok      k=145 g3|LiH_sto-3g_JW|QWC|dtp|none|seed0|timed_repeat (12.9s)
  ok      k=145 g3|LiH_sto-3g_JW|QWC|dtp|none|seed0|replay3 (46.3s)
  ok      k=45 g3|N2_sto-3g_JW|FC|dtp|none|seed0|replay1 (119.2s)
  ok      k=45 g3|N2_sto-3g_JW|FC|dtp|none|seed0|replay2 (118.4s)
  ok      k=47 g3|N2_sto-3g_JW|FC|dtp|none|seed0|timed_repeat (60.6s)
  ok      k=45 g3|N2_sto-3g_JW|FC|dtp|none|seed0|replay3 (127.7s)
  ok      k=1171 g3|N2_sto-3g_JW|QWC|dtp|none|seed0|replay1 (126.7s)
  ok      k=1171 g3|N2_sto-3g_JW|QWC|dtp|none|seed0|replay2 (124.9s)
  ok      k=1171 g3|N2_sto-3g_JW|QWC|dtp|none|seed0|timed_repeat (61.8s)
  ok      k=1171 g3|N2_sto-3g_JW|QWC|dtp|none|seed0|replay3 (126.9s)
  ok      k=72 g3|NH3_sto-3g_JW|FC|dtp|none|seed0|replay1 (99.0s)
  ok      k=72 g3|NH3_sto-3g_JW|FC|dtp|none|seed0|replay2 (97.4s)
  ok      k=72 g3|NH3_sto-3g_JW|FC|dtp|none|seed0|timed_repeat (61.6s)
  ok      k=72 g3|NH3_sto-3g_JW|FC|dtp|none|seed0|replay3 (96.4s)
  ok      k=838 g3|NH3_sto-3g_JW|QWC|dtp|none|seed0|replay1 (108.7s)
  ok      k=838 g3|NH3_sto-3g_JW|QWC|dtp|none|seed0|replay2 (107.1s)
  ok      k=838 g3|NH3_sto-3g_JW|QWC|dtp|none|seed0|timed_repeat (63.3s)
  ok      k=838 g3|NH3_sto-3g_JW|QWC|dtp|none|seed0|replay3 (114.1s)
  ok      k=99 g3|NaH_sto-3g_JW|FC|dtp|none|seed0|replay1 (220.4s)
  ok      k=99 g3|NaH_sto-3g_JW|FC|dtp|none|seed0|replay2 (218.4s)
  ok      k=99 g3|NaH_sto-3g_JW|FC|dtp|none|seed0|timed_repeat (120.2s)
  ok      k=99 g3|NaH_sto-3g_JW|FC|dtp|none|seed0|replay3 (216.6s)
  ok      k=1759 g3|NaH_sto-3g_JW|QWC|dtp|none|seed0|replay1 (229.5s)
  ok      k=1759 g3|NaH_sto-3g_JW|QWC|dtp|none|seed0|replay2 (230.0s)
  ok      k=1759 g3|NaH_sto-3g_JW|QWC|dtp|none|seed0|timed_repeat (122.7s)
  ok      k=1759 g3|NaH_sto-3g_JW|QWC|dtp|none|seed0|replay3 (229.0s)
[bk] planned 104 jobs, 0 done, 94 light + 10 heavy to run
  ok      k=142 bk|LiH_sto-3g_BK|QWC|qiskit_lf|none|seed0 (8.8s)
  ok      k=142 bk|LiH_sto-3g_BK|QWC|pennylane_lf|none|seed0 (18.5s)
  ok      k=139 bk|LiH_sto-3g_BK|QWC|pennylane_dsatur|none|seed0 (9.7s)
  ok      k=164 bk|LiH_sto-3g_BK|QWC|pennylane_gis|none|seed0 (3.0s)
  ok      k=155 bk|LiH_sto-3g_BK|QWC|sorted_insertion|none|seed0 (0.2s)
  ok      k=142 bk|LiH_sto-3g_BK|QWC|pennylane_rlf|none|seed0 (3.6s)
  ok      k=139 bk|LiH_sto-3g_BK|QWC|dtp|none|seed0 (12.9s)
  ok      k=139 bk|LiH_sto-3g_BK|QWC|iterated_greedy|none|seed0 (12.9s)
  ok      k=139 bk|LiH_sto-3g_BK|QWC|dtp|none|seed1 (12.9s)
  ok      k=139 bk|LiH_sto-3g_BK|QWC|iterated_greedy|none|seed1 (12.9s)
  ok      k=139 bk|LiH_sto-3g_BK|QWC|dtp|none|seed2 (12.9s)
  ok      k=139 bk|LiH_sto-3g_BK|QWC|iterated_greedy|none|seed2 (12.9s)
  ok      k=139 bk|LiH_sto-3g_BK|QWC|dtp|none|seed3 (12.9s)
  ok      k=139 bk|LiH_sto-3g_BK|QWC|iterated_greedy|none|seed3 (12.9s)
  ok      k=139 bk|LiH_sto-3g_BK|QWC|dtp|none|seed4 (12.9s)
  ok      k=139 bk|LiH_sto-3g_BK|QWC|iterated_greedy|none|seed4 (12.9s)
  ok      k=139 bk|LiH_sto-3g_BK|QWC|dtp|none|seed5 (12.9s)
  ok      k=139 bk|LiH_sto-3g_BK|QWC|iterated_greedy|none|seed5 (12.9s)
  ok      k=139 bk|LiH_sto-3g_BK|QWC|dtp|none|seed6 (12.9s)
  ok      k=139 bk|LiH_sto-3g_BK|QWC|iterated_greedy|none|seed6 (12.9s)
  ok      k=139 bk|LiH_sto-3g_BK|QWC|dtp|none|seed7 (13.1s)
  ok      k=139 bk|LiH_sto-3g_BK|QWC|iterated_greedy|none|seed7 (12.9s)
  ok      k=139 bk|LiH_sto-3g_BK|QWC|dtp|none|seed8 (12.9s)
  ok      k=139 bk|LiH_sto-3g_BK|QWC|iterated_greedy|none|seed8 (12.9s)
  ok      k=139 bk|LiH_sto-3g_BK|QWC|dtp|none|seed9 (12.9s)
  ok      k=139 bk|LiH_sto-3g_BK|QWC|iterated_greedy|none|seed9 (12.9s)
  ok      k=313 bk|H2O_sto-3g_BK|QWC|qiskit_lf|none|seed0 (0.8s)
  ok      k=313 bk|H2O_sto-3g_BK|QWC|pennylane_lf|none|seed0 (3.4s)
  ok      k=306 bk|H2O_sto-3g_BK|QWC|pennylane_dsatur|none|seed0 (3.4s)
  ok      k=332 bk|H2O_sto-3g_BK|QWC|pennylane_gis|none|seed0 (3.2s)
  ok      k=335 bk|H2O_sto-3g_BK|QWC|sorted_insertion|none|seed0 (0.2s)
  ok      k=310 bk|H2O_sto-3g_BK|QWC|pennylane_rlf|none|seed0 (5.9s)
  ok      k=303 bk|H2O_sto-3g_BK|QWC|dtp|none|seed0 (22.4s)
  ok      k=303 bk|H2O_sto-3g_BK|QWC|iterated_greedy|none|seed0 (22.2s)
  ok      k=303 bk|H2O_sto-3g_BK|QWC|dtp|none|seed1 (22.4s)
  ok      k=303 bk|H2O_sto-3g_BK|QWC|iterated_greedy|none|seed1 (22.2s)
  ok      k=303 bk|H2O_sto-3g_BK|QWC|dtp|none|seed2 (22.5s)
  ok      k=303 bk|H2O_sto-3g_BK|QWC|iterated_greedy|none|seed2 (22.3s)
  ok      k=303 bk|H2O_sto-3g_BK|QWC|dtp|none|seed3 (22.4s)
  ok      k=303 bk|H2O_sto-3g_BK|QWC|iterated_greedy|none|seed3 (22.2s)
  ok      k=304 bk|H2O_sto-3g_BK|QWC|dtp|none|seed4 (22.4s)
  ok      k=303 bk|H2O_sto-3g_BK|QWC|iterated_greedy|none|seed4 (22.4s)
  ok      k=304 bk|H2O_sto-3g_BK|QWC|dtp|none|seed5 (22.4s)
  ok      k=304 bk|H2O_sto-3g_BK|QWC|iterated_greedy|none|seed5 (22.2s)
  ok      k=303 bk|H2O_sto-3g_BK|QWC|dtp|none|seed6 (22.5s)
  ok      k=303 bk|H2O_sto-3g_BK|QWC|iterated_greedy|none|seed6 (22.2s)
  ok      k=304 bk|H2O_sto-3g_BK|QWC|dtp|none|seed7 (22.5s)
  ok      k=303 bk|H2O_sto-3g_BK|QWC|iterated_greedy|none|seed7 (22.3s)
  ok      k=303 bk|H2O_sto-3g_BK|QWC|dtp|none|seed8 (22.4s)
  ok      k=303 bk|H2O_sto-3g_BK|QWC|iterated_greedy|none|seed8 (22.2s)
  ok      k=303 bk|H2O_sto-3g_BK|QWC|iterated_greedy|none|seed9 (22.2s)
  ok      k=303 bk|H2O_sto-3g_BK|QWC|dtp|none|seed9 (22.4s)
  ok      k=928 bk|NH3_sto-3g_BK|QWC|sorted_insertion|none|seed0 (0.4s)
  ok      k=813 bk|NH3_sto-3g_BK|QWC|dtp|none|seed0 (61.2s)
  ok      k=813 bk|NH3_sto-3g_BK|QWC|iterated_greedy|none|seed0 (61.2s)
  ok      k=813 bk|NH3_sto-3g_BK|QWC|dtp|none|seed1 (61.3s)
  ok      k=813 bk|NH3_sto-3g_BK|QWC|iterated_greedy|none|seed1 (61.3s)
  ok      k=813 bk|NH3_sto-3g_BK|QWC|dtp|none|seed2 (61.2s)
  ok      k=813 bk|NH3_sto-3g_BK|QWC|iterated_greedy|none|seed2 (61.0s)
  ok      k=813 bk|NH3_sto-3g_BK|QWC|dtp|none|seed3 (61.2s)
  ok      k=813 bk|NH3_sto-3g_BK|QWC|iterated_greedy|none|seed3 (61.0s)
  ok      k=813 bk|NH3_sto-3g_BK|QWC|iterated_greedy|none|seed4 (61.0s)
  ok      k=813 bk|NH3_sto-3g_BK|QWC|dtp|none|seed4 (61.2s)
  ok      k=813 bk|NH3_sto-3g_BK|QWC|iterated_greedy|none|seed5 (61.0s)
  ok      k=813 bk|NH3_sto-3g_BK|QWC|dtp|none|seed5 (61.3s)
  ok      k=813 bk|NH3_sto-3g_BK|QWC|iterated_greedy|none|seed6 (60.8s)
  ok      k=813 bk|NH3_sto-3g_BK|QWC|dtp|none|seed6 (61.2s)
  ok      k=813 bk|NH3_sto-3g_BK|QWC|dtp|none|seed7 (61.2s)
  ok      k=813 bk|NH3_sto-3g_BK|QWC|iterated_greedy|none|seed7 (60.8s)
  ok      k=813 bk|NH3_sto-3g_BK|QWC|iterated_greedy|none|seed8 (60.8s)
  ok      k=813 bk|NH3_sto-3g_BK|QWC|dtp|none|seed8 (61.4s)
  ok      k=813 bk|NH3_sto-3g_BK|QWC|dtp|none|seed9 (61.2s)
  ok      k=1258 bk|N2_sto-3g_BK|QWC|sorted_insertion|none|seed0 (0.4s)
  ok      k=813 bk|NH3_sto-3g_BK|QWC|iterated_greedy|none|seed9 (61.0s)
  ok      k=1146 bk|N2_sto-3g_BK|QWC|iterated_greedy|none|seed0 (61.3s)
  ok      k=1146 bk|N2_sto-3g_BK|QWC|dtp|none|seed0 (61.7s)
  ok      k=1145 bk|N2_sto-3g_BK|QWC|iterated_greedy|none|seed1 (61.2s)
  ok      k=1145 bk|N2_sto-3g_BK|QWC|dtp|none|seed1 (61.7s)
  ok      k=1145 bk|N2_sto-3g_BK|QWC|iterated_greedy|none|seed2 (61.4s)
  ok      k=1145 bk|N2_sto-3g_BK|QWC|dtp|none|seed2 (61.6s)
  ok      k=1146 bk|N2_sto-3g_BK|QWC|iterated_greedy|none|seed3 (61.5s)
  ok      k=1146 bk|N2_sto-3g_BK|QWC|dtp|none|seed3 (61.7s)
  ok      k=1146 bk|N2_sto-3g_BK|QWC|iterated_greedy|none|seed4 (61.4s)
  ok      k=1146 bk|N2_sto-3g_BK|QWC|dtp|none|seed4 (61.6s)
  ok      k=1145 bk|N2_sto-3g_BK|QWC|dtp|none|seed5 (61.6s)
  ok      k=1145 bk|N2_sto-3g_BK|QWC|iterated_greedy|none|seed5 (61.5s)
  ok      k=1146 bk|N2_sto-3g_BK|QWC|iterated_greedy|none|seed6 (61.2s)
  ok      k=1146 bk|N2_sto-3g_BK|QWC|dtp|none|seed6 (61.6s)
  ok      k=1145 bk|N2_sto-3g_BK|QWC|dtp|none|seed7 (61.7s)
  ok      k=1145 bk|N2_sto-3g_BK|QWC|iterated_greedy|none|seed7 (61.2s)
  ok      k=1146 bk|N2_sto-3g_BK|QWC|iterated_greedy|none|seed8 (61.4s)
  ok      k=1146 bk|N2_sto-3g_BK|QWC|dtp|none|seed8 (61.9s)
  ok      k=1145 bk|N2_sto-3g_BK|QWC|iterated_greedy|none|seed9 (61.2s)
  ok      k=1145 bk|N2_sto-3g_BK|QWC|dtp|none|seed9 (61.6s)
  ok      k=828 bk|NH3_sto-3g_BK|QWC|qiskit_lf|none|seed0 (2.8s)
  ok      k=828 bk|NH3_sto-3g_BK|QWC|pennylane_lf|none|seed0 (5.6s)
  ok      k=828 bk|NH3_sto-3g_BK|QWC|pennylane_dsatur|none|seed0 (6.2s)
  ok      k=821 bk|NH3_sto-3g_BK|QWC|pennylane_rlf|none|seed0 (30.6s)
  ok      k=964 bk|NH3_sto-3g_BK|QWC|pennylane_gis|none|seed0 (5.2s)
  ok      k=1178 bk|N2_sto-3g_BK|QWC|qiskit_lf|none|seed0 (2.8s)
  ok      k=1178 bk|N2_sto-3g_BK|QWC|pennylane_lf|none|seed0 (5.4s)
  ok      k=1153 bk|N2_sto-3g_BK|QWC|pennylane_dsatur|none|seed0 (6.2s)
  ok      k=1157 bk|N2_sto-3g_BK|QWC|pennylane_rlf|none|seed0 (35.1s)
  ok      k=1295 bk|N2_sto-3g_BK|QWC|pennylane_gis|none|seed0 (5.2s)
[exact] planned 170 jobs, 0 done, 160 light + 10 heavy to run
  ok      k=5 exact|H2_sto-3g_JW|QWC|qiskit_lf|none|seed0 (0.6s)
  ok      k=5 exact|H2_sto-3g_JW|QWC|pennylane_lf|none|seed0 (2.8s)
  ok      k=5 exact|H2_sto-3g_JW|QWC|pennylane_dsatur|none|seed0 (2.8s)
  ok      k=5 exact|H2_sto-3g_JW|QWC|pennylane_rlf|none|seed0 (2.8s)
  ok      k=5 exact|H2_sto-3g_JW|QWC|sorted_insertion|none|seed0 (0.2s)
  ok      k=5 exact|H2_sto-3g_JW|QWC|pennylane_gis|none|seed0 (2.6s)
  ok      k=5 exact|H2_sto-3g_JW|QWC|dtp|none|seed0 (0.2s)
  ok      k=5 exact|H2_sto-3g_JW|QWC|dtp|none|seed1 (0.2s)
  ok      k=5 exact|H2_sto-3g_JW|QWC|dtp|none|seed2 (0.2s)
  ok      k=5 exact|H2_sto-3g_JW|QWC|dtp|none|seed3 (0.2s)
  ok      k=5 exact|H2_sto-3g_JW|QWC|dtp|none|seed4 (0.2s)
  ok      k=5 exact|H2_sto-3g_JW|QWC|dtp|none|seed5 (0.2s)
  ok      k=5 exact|H2_sto-3g_JW|QWC|dtp|none|seed6 (0.2s)
  ok      k=5 exact|H2_sto-3g_JW|QWC|dtp|none|seed7 (0.2s)
  ok      k=5 exact|H2_sto-3g_JW|QWC|dtp|none|seed8 (0.2s)
  ok      k=5 exact|H2_sto-3g_JW|QWC|dtp|none|seed9 (0.2s)
  ok      k=2 exact|H2_sto-3g_JW|FC|qiskit_lf|none|seed0 (0.4s)
  ok      k=2 exact|H2_sto-3g_JW|FC|pennylane_lf|none|seed0 (2.6s)
  ok      k=2 exact|H2_sto-3g_JW|FC|pennylane_dsatur|none|seed0 (2.8s)
  ok      k=2 exact|H2_sto-3g_JW|FC|pennylane_rlf|none|seed0 (2.8s)
  ok      k=2 exact|H2_sto-3g_JW|FC|sorted_insertion|none|seed0 (0.2s)
  ok      k=2 exact|H2_sto-3g_JW|FC|dtp|none|seed0 (0.2s)
  ok      k=2 exact|H2_sto-3g_JW|FC|pennylane_gis|none|seed0 (2.8s)
  ok      k=2 exact|H2_sto-3g_JW|FC|dtp|none|seed1 (0.2s)
  ok      k=2 exact|H2_sto-3g_JW|FC|dtp|none|seed2 (0.2s)
  ok      k=2 exact|H2_sto-3g_JW|FC|dtp|none|seed3 (0.2s)
  ok      k=2 exact|H2_sto-3g_JW|FC|dtp|none|seed4 (0.2s)
  ok      k=2 exact|H2_sto-3g_JW|FC|dtp|none|seed5 (0.2s)
  ok      k=2 exact|H2_sto-3g_JW|FC|dtp|none|seed6 (0.2s)
  ok      k=2 exact|H2_sto-3g_JW|FC|dtp|none|seed7 (0.2s)
  ok      k=2 exact|H2_sto-3g_JW|FC|dtp|none|seed8 (0.2s)
  ok      k=2 exact|H2_sto-3g_JW|FC|dtp|none|seed9 (0.2s)
  ok      k=9 exact|HeH+_sto-3g_JW|QWC|qiskit_lf|none|seed0 (0.6s)
  ok      k=9 exact|HeH+_sto-3g_JW|QWC|pennylane_lf|none|seed0 (3.0s)
  ok      k=9 exact|HeH+_sto-3g_JW|QWC|pennylane_dsatur|none|seed0 (2.8s)
  ok      k=9 exact|HeH+_sto-3g_JW|QWC|pennylane_rlf|none|seed0 (2.8s)
  ok      k=9 exact|HeH+_sto-3g_JW|QWC|sorted_insertion|none|seed0 (0.2s)
  ok      k=9 exact|HeH+_sto-3g_JW|QWC|dtp|none|seed0 (0.2s)
  ok      k=9 exact|HeH+_sto-3g_JW|QWC|pennylane_gis|none|seed0 (3.0s)
  ok      k=9 exact|HeH+_sto-3g_JW|QWC|dtp|none|seed1 (0.2s)
  ok      k=9 exact|HeH+_sto-3g_JW|QWC|dtp|none|seed2 (0.2s)
  ok      k=9 exact|HeH+_sto-3g_JW|QWC|dtp|none|seed3 (0.2s)
  ok      k=9 exact|HeH+_sto-3g_JW|QWC|dtp|none|seed4 (0.2s)
  ok      k=9 exact|HeH+_sto-3g_JW|QWC|dtp|none|seed5 (0.2s)
  ok      k=9 exact|HeH+_sto-3g_JW|QWC|dtp|none|seed6 (0.2s)
  ok      k=9 exact|HeH+_sto-3g_JW|QWC|dtp|none|seed7 (0.2s)
  ok      k=9 exact|HeH+_sto-3g_JW|QWC|dtp|none|seed8 (0.2s)
  ok      k=9 exact|HeH+_sto-3g_JW|QWC|dtp|none|seed9 (0.2s)
  ok      k=4 exact|HeH+_sto-3g_JW|FC|qiskit_lf|none|seed0 (0.6s)
  ok      k=4 exact|HeH+_sto-3g_JW|FC|pennylane_lf|none|seed0 (2.8s)
  ok      k=3 exact|HeH+_sto-3g_JW|FC|pennylane_dsatur|none|seed0 (2.8s)
  ok      k=3 exact|HeH+_sto-3g_JW|FC|pennylane_rlf|none|seed0 (2.8s)
  ok      k=3 exact|HeH+_sto-3g_JW|FC|sorted_insertion|none|seed0 (0.2s)
  ok      k=3 exact|HeH+_sto-3g_JW|FC|dtp|none|seed0 (0.2s)
  ok      k=3 exact|HeH+_sto-3g_JW|FC|dtp|none|seed1 (0.2s)
  ok      k=3 exact|HeH+_sto-3g_JW|FC|pennylane_gis|none|seed0 (3.0s)
  ok      k=3 exact|HeH+_sto-3g_JW|FC|dtp|none|seed2 (0.2s)
  ok      k=3 exact|HeH+_sto-3g_JW|FC|dtp|none|seed3 (0.2s)
  ok      k=3 exact|HeH+_sto-3g_JW|FC|dtp|none|seed4 (0.2s)
  ok      k=3 exact|HeH+_sto-3g_JW|FC|dtp|none|seed5 (0.2s)
  ok      k=3 exact|HeH+_sto-3g_JW|FC|dtp|none|seed6 (0.2s)
  ok      k=3 exact|HeH+_sto-3g_JW|FC|dtp|none|seed7 (0.2s)
  ok      k=3 exact|HeH+_sto-3g_JW|FC|dtp|none|seed8 (0.2s)
  ok      k=3 exact|HeH+_sto-3g_JW|FC|dtp|none|seed9 (0.2s)
  ok      k=17 exact|H3+_sto-3g_JW|QWC|qiskit_lf|none|seed0 (0.4s)
  ok      k=17 exact|H3+_sto-3g_JW|QWC|pennylane_lf|none|seed0 (3.0s)
  ok      k=17 exact|H3+_sto-3g_JW|QWC|pennylane_dsatur|none|seed0 (2.8s)
  ok      k=17 exact|H3+_sto-3g_JW|QWC|pennylane_rlf|none|seed0 (2.8s)
  ok      k=17 exact|H3+_sto-3g_JW|QWC|pennylane_gis|none|seed0 (2.8s)
  ok      k=17 exact|H3+_sto-3g_JW|QWC|sorted_insertion|none|seed0 (0.2s)
  ok      k=16 exact|H3+_sto-3g_JW|QWC|dtp|none|seed0 (10.3s)
  ok      k=16 exact|H3+_sto-3g_JW|QWC|dtp|none|seed1 (10.3s)
  ok      k=16 exact|H3+_sto-3g_JW|QWC|dtp|none|seed2 (10.3s)
  ok      k=16 exact|H3+_sto-3g_JW|QWC|dtp|none|seed3 (10.3s)
  ok      k=16 exact|H3+_sto-3g_JW|QWC|dtp|none|seed4 (10.3s)
  ok      k=16 exact|H3+_sto-3g_JW|QWC|dtp|none|seed5 (10.3s)
  ok      k=16 exact|H3+_sto-3g_JW|QWC|dtp|none|seed6 (10.3s)
  ok      k=16 exact|H3+_sto-3g_JW|QWC|dtp|none|seed7 (10.3s)
  ok      k=16 exact|H3+_sto-3g_JW|QWC|dtp|none|seed8 (10.3s)
  ok      k=16 exact|H3+_sto-3g_JW|QWC|dtp|none|seed9 (10.3s)
  ok      k=6 exact|H3+_sto-3g_JW|FC|qiskit_lf|none|seed0 (0.6s)
  ok      k=6 exact|H3+_sto-3g_JW|FC|pennylane_lf|none|seed0 (2.8s)
  ok      k=6 exact|H3+_sto-3g_JW|FC|pennylane_dsatur|none|seed0 (2.8s)
  ok      k=6 exact|H3+_sto-3g_JW|FC|pennylane_rlf|none|seed0 (2.8s)
  ok      k=7 exact|H3+_sto-3g_JW|FC|sorted_insertion|none|seed0 (0.2s)
  ok      k=6 exact|H3+_sto-3g_JW|FC|pennylane_gis|none|seed0 (2.8s)
  ok      k=6 exact|H3+_sto-3g_JW|FC|dtp|none|seed0 (10.3s)
  ok      k=6 exact|H3+_sto-3g_JW|FC|dtp|none|seed1 (10.3s)
  ok      k=6 exact|H3+_sto-3g_JW|FC|dtp|none|seed2 (10.3s)
  ok      k=6 exact|H3+_sto-3g_JW|FC|dtp|none|seed3 (10.3s)
  ok      k=6 exact|H3+_sto-3g_JW|FC|dtp|none|seed4 (10.3s)
  ok      k=6 exact|H3+_sto-3g_JW|FC|dtp|none|seed5 (10.3s)
  ok      k=6 exact|H3+_sto-3g_JW|FC|dtp|none|seed6 (10.3s)
  ok      k=6 exact|H3+_sto-3g_JW|FC|dtp|none|seed7 (10.3s)
  ok      k=6 exact|H3+_sto-3g_JW|FC|dtp|none|seed8 (10.3s)
  ok      k=6 exact|H3+_sto-3g_JW|FC|dtp|none|seed9 (10.3s)
  ok      k=68 exact|H2_6-31g_JW|QWC|qiskit_lf|none|seed0 (0.6s)
  ok      k=68 exact|H2_6-31g_JW|QWC|pennylane_lf|none|seed0 (2.8s)
  ok      k=67 exact|H2_6-31g_JW|QWC|pennylane_dsatur|none|seed0 (2.8s)
  ok      k=67 exact|H2_6-31g_JW|QWC|pennylane_rlf|none|seed0 (2.8s)
  ok      k=71 exact|H2_6-31g_JW|QWC|pennylane_gis|none|seed0 (2.6s)
  ok      k=69 exact|H2_6-31g_JW|QWC|sorted_insertion|none|seed0 (0.2s)
  ok      k=67 exact|H2_6-31g_JW|QWC|dtp|none|seed0 (10.3s)
  ok      k=67 exact|H2_6-31g_JW|QWC|dtp|none|seed1 (10.3s)
  ok      k=67 exact|H2_6-31g_JW|QWC|dtp|none|seed2 (10.3s)
  ok      k=67 exact|H2_6-31g_JW|QWC|dtp|none|seed3 (10.3s)
  ok      k=67 exact|H2_6-31g_JW|QWC|dtp|none|seed4 (10.3s)
  ok      k=67 exact|H2_6-31g_JW|QWC|dtp|none|seed5 (10.3s)
  ok      k=67 exact|H2_6-31g_JW|QWC|dtp|none|seed6 (10.3s)
  ok      k=67 exact|H2_6-31g_JW|QWC|dtp|none|seed7 (10.3s)
  ok      k=67 exact|H2_6-31g_JW|QWC|dtp|none|seed8 (10.3s)
  ok      k=67 exact|H2_6-31g_JW|QWC|dtp|none|seed9 (10.3s)
  ok      k=9 exact|H2_6-31g_JW|FC|qiskit_lf|none|seed0 (0.6s)
  ok      k=9 exact|H2_6-31g_JW|FC|pennylane_lf|none|seed0 (2.8s)
  ok      k=8 exact|H2_6-31g_JW|FC|pennylane_dsatur|none|seed0 (2.8s)
  ok      k=8 exact|H2_6-31g_JW|FC|pennylane_rlf|none|seed0 (3.0s)
  ok      k=9 exact|H2_6-31g_JW|FC|sorted_insertion|none|seed0 (0.2s)
  ok      k=16 exact|H2_6-31g_JW|FC|pennylane_gis|none|seed0 (2.8s)
  ok      k=8 exact|H2_6-31g_JW|FC|dtp|none|seed0 (0.2s)
  ok      k=8 exact|H2_6-31g_JW|FC|dtp|none|seed1 (0.2s)
  ok      k=8 exact|H2_6-31g_JW|FC|dtp|none|seed2 (0.2s)
  ok      k=8 exact|H2_6-31g_JW|FC|dtp|none|seed3 (0.2s)
  ok      k=8 exact|H2_6-31g_JW|FC|dtp|none|seed4 (0.2s)
  ok      k=8 exact|H2_6-31g_JW|FC|dtp|none|seed5 (0.2s)
  ok      k=8 exact|H2_6-31g_JW|FC|dtp|none|seed6 (0.2s)
  ok      k=8 exact|H2_6-31g_JW|FC|dtp|none|seed7 (0.2s)
  ok      k=8 exact|H2_6-31g_JW|FC|dtp|none|seed8 (0.2s)
  ok      k=8 exact|H2_6-31g_JW|FC|dtp|none|seed9 (0.2s)
  ok      k=68 exact|H4chain_sto-3g_JW|QWC|qiskit_lf|none|seed0 (0.6s)
  ok      k=68 exact|H4chain_sto-3g_JW|QWC|pennylane_lf|none|seed0 (2.8s)
  ok      k=67 exact|H4chain_sto-3g_JW|QWC|pennylane_dsatur|none|seed0 (3.0s)
  ok      k=67 exact|H4chain_sto-3g_JW|QWC|pennylane_rlf|none|seed0 (2.8s)
  ok      k=69 exact|H4chain_sto-3g_JW|QWC|sorted_insertion|none|seed0 (0.2s)
  ok      k=71 exact|H4chain_sto-3g_JW|QWC|pennylane_gis|none|seed0 (2.8s)
  ok      k=67 exact|H4chain_sto-3g_JW|QWC|dtp|none|seed0 (10.3s)
  ok      k=67 exact|H4chain_sto-3g_JW|QWC|dtp|none|seed1 (10.3s)
  ok      k=67 exact|H4chain_sto-3g_JW|QWC|dtp|none|seed2 (10.3s)
  ok      k=67 exact|H4chain_sto-3g_JW|QWC|dtp|none|seed3 (10.3s)
  ok      k=67 exact|H4chain_sto-3g_JW|QWC|dtp|none|seed4 (10.3s)
  ok      k=67 exact|H4chain_sto-3g_JW|QWC|dtp|none|seed5 (10.3s)
  ok      k=67 exact|H4chain_sto-3g_JW|QWC|dtp|none|seed6 (10.3s)
  ok      k=67 exact|H4chain_sto-3g_JW|QWC|dtp|none|seed7 (10.3s)
  ok      k=67 exact|H4chain_sto-3g_JW|QWC|dtp|none|seed8 (10.3s)
  ok      k=9 exact|H4chain_sto-3g_JW|FC|qiskit_lf|none|seed0 (0.4s)
  ok      k=67 exact|H4chain_sto-3g_JW|QWC|dtp|none|seed9 (10.3s)
  ok      k=9 exact|H4chain_sto-3g_JW|FC|pennylane_lf|none|seed0 (2.8s)
  ok      k=8 exact|H4chain_sto-3g_JW|FC|pennylane_dsatur|none|seed0 (2.8s)
  ok      k=8 exact|H4chain_sto-3g_JW|FC|pennylane_rlf|none|seed0 (2.8s)
  ok      k=16 exact|H4chain_sto-3g_JW|FC|pennylane_gis|none|seed0 (2.8s)
  ok      k=9 exact|H4chain_sto-3g_JW|FC|sorted_insertion|none|seed0 (0.2s)
  ok      k=8 exact|H4chain_sto-3g_JW|FC|dtp|none|seed0 (0.2s)
  ok      k=8 exact|H4chain_sto-3g_JW|FC|dtp|none|seed1 (0.2s)
  ok      k=8 exact|H4chain_sto-3g_JW|FC|dtp|none|seed2 (0.2s)
  ok      k=8 exact|H4chain_sto-3g_JW|FC|dtp|none|seed3 (0.2s)
  ok      k=8 exact|H4chain_sto-3g_JW|FC|dtp|none|seed4 (0.2s)
  ok      k=8 exact|H4chain_sto-3g_JW|FC|dtp|none|seed5 (0.2s)
  ok      k=8 exact|H4chain_sto-3g_JW|FC|dtp|none|seed6 (0.2s)
  ok      k=8 exact|H4chain_sto-3g_JW|FC|dtp|none|seed7 (0.2s)
  ok      k=8 exact|H4chain_sto-3g_JW|FC|dtp|none|seed8 (0.2s)
  ok      k=8 exact|H4chain_sto-3g_JW|FC|dtp|none|seed9 (0.2s)
  ok      k=5 exact|H2_sto-3g_JW|QWC|cpsat|none|seed0 (3.4s)
  ok      k=2 exact|H2_sto-3g_JW|FC|cpsat|none|seed0 (0.6s)
  ok      k=9 exact|HeH+_sto-3g_JW|QWC|cpsat|none|seed0 (0.6s)
  ok      k=3 exact|HeH+_sto-3g_JW|FC|cpsat|none|seed0 (0.4s)
  ok      k=16 exact|H3+_sto-3g_JW|QWC|cpsat|none|seed0 (0.6s)
  ok      k=6 exact|H3+_sto-3g_JW|FC|cpsat|none|seed0 (0.6s)
  ok      k=67 exact|H2_6-31g_JW|QWC|cpsat|none|seed0 (9.3s)
  ok      k=8 exact|H2_6-31g_JW|FC|cpsat|none|seed0 (1.0s)
  ok      k=67 exact|H4chain_sto-3g_JW|QWC|cpsat|none|seed0 (9.7s)
  ok      k=8 exact|H4chain_sto-3g_JW|FC|cpsat|none|seed0 (1.0s)
[ablation] planned 310 jobs, 0 done, 310 light + 0 heavy to run
  ok      k=5 ablation|H2_sto-3g_JW|QWC|dtp|A1|seed0 (0.2s)
  ok      k=5 ablation|H2_sto-3g_JW|QWC|dtp|A1|seed1 (0.2s)
  ok      k=5 ablation|H2_sto-3g_JW|QWC|dtp|A1|seed2 (0.2s)
  ok      k=5 ablation|H2_sto-3g_JW|QWC|dtp|A1|seed3 (0.2s)
  ok      k=5 ablation|H2_sto-3g_JW|QWC|dtp|A1|seed4 (0.2s)
  ok      k=5 ablation|H2_sto-3g_JW|QWC|dtp|A1|seed5 (0.2s)
  ok      k=5 ablation|H2_sto-3g_JW|QWC|dtp|A1|seed6 (0.2s)
  ok      k=5 ablation|H2_sto-3g_JW|QWC|dtp|A1|seed7 (0.2s)
  ok      k=5 ablation|H2_sto-3g_JW|QWC|dtp|A1|seed8 (0.2s)
  ok      k=5 ablation|H2_sto-3g_JW|QWC|dtp|A1|seed9 (0.2s)
  ok      k=5 ablation|H2_sto-3g_JW|QWC|dtp|A3|seed0 (0.2s)
  ok      k=5 ablation|H2_sto-3g_JW|QWC|dtp|A3|seed1 (0.2s)
  ok      k=5 ablation|H2_sto-3g_JW|QWC|dtp|A3|seed2 (0.2s)
  ok      k=5 ablation|H2_sto-3g_JW|QWC|dtp|A3|seed3 (0.2s)
  ok      k=5 ablation|H2_sto-3g_JW|QWC|dtp|A3|seed4 (0.2s)
  ok      k=5 ablation|H2_sto-3g_JW|QWC|dtp|A3|seed5 (0.2s)
  ok      k=5 ablation|H2_sto-3g_JW|QWC|dtp|A3|seed6 (0.2s)
  ok      k=5 ablation|H2_sto-3g_JW|QWC|dtp|A3|seed7 (0.2s)
  ok      k=5 ablation|H2_sto-3g_JW|QWC|dtp|A3|seed8 (0.2s)
  ok      k=5 ablation|H2_sto-3g_JW|QWC|dtp|A3|seed9 (0.2s)
  ok      k=5 ablation|H2_sto-3g_JW|QWC|dtp|A5|seed0 (0.2s)
  ok      k=5 ablation|H2_sto-3g_JW|QWC|dtp|A5|seed1 (0.2s)
  ok      k=5 ablation|H2_sto-3g_JW|QWC|dtp|A5|seed2 (0.2s)
  ok      k=5 ablation|H2_sto-3g_JW|QWC|dtp|A5|seed3 (0.2s)
  ok      k=5 ablation|H2_sto-3g_JW|QWC|dtp|A5|seed4 (0.2s)
  ok      k=5 ablation|H2_sto-3g_JW|QWC|dtp|A5|seed5 (0.2s)
  ok      k=5 ablation|H2_sto-3g_JW|QWC|dtp|A5|seed6 (0.2s)
  ok      k=5 ablation|H2_sto-3g_JW|QWC|dtp|A5|seed7 (0.2s)
  ok      k=5 ablation|H2_sto-3g_JW|QWC|dtp|A5|seed8 (0.2s)
  ok      k=5 ablation|H2_sto-3g_JW|QWC|dtp|A5|seed9 (0.2s)
  ok      k=5 ablation|H2_sto-3g_JW|QWC|dtp|A6|seed0 (0.2s)
  ok      k=5 ablation|H2_sto-3g_JW|QWC|dtp|A6|seed1 (0.2s)
  ok      k=5 ablation|H2_sto-3g_JW|QWC|dtp|A6|seed2 (0.2s)
  ok      k=5 ablation|H2_sto-3g_JW|QWC|dtp|A6|seed3 (0.2s)
  ok      k=5 ablation|H2_sto-3g_JW|QWC|dtp|A6|seed4 (0.2s)
  ok      k=5 ablation|H2_sto-3g_JW|QWC|dtp|A6|seed5 (0.2s)
  ok      k=5 ablation|H2_sto-3g_JW|QWC|dtp|A6|seed6 (0.2s)
  ok      k=5 ablation|H2_sto-3g_JW|QWC|dtp|A6|seed7 (0.2s)
  ok      k=5 ablation|H2_sto-3g_JW|QWC|dtp|A6|seed8 (0.2s)
  ok      k=5 ablation|H2_sto-3g_JW|QWC|dtp|A6|seed9 (0.2s)
  ok      k=5 ablation|H2_sto-3g_JW|QWC|dtp|A2|seed0 (10.3s)
  ok      k=5 ablation|H2_sto-3g_JW|QWC|dtp|A2|seed1 (10.3s)
  ok      k=5 ablation|H2_sto-3g_JW|QWC|dtp|A2|seed2 (10.3s)
  ok      k=5 ablation|H2_sto-3g_JW|QWC|dtp|A2|seed3 (10.3s)
  ok      k=5 ablation|H2_sto-3g_JW|QWC|dtp|A2|seed4 (10.3s)
  ok      k=5 ablation|H2_sto-3g_JW|QWC|dtp|A2|seed5 (10.3s)
  ok      k=5 ablation|H2_sto-3g_JW|QWC|dtp|A2|seed6 (10.3s)
  ok      k=5 ablation|H2_sto-3g_JW|QWC|dtp|A2|seed7 (10.3s)
  ok      k=5 ablation|H2_sto-3g_JW|QWC|dtp|A2|seed8 (10.3s)
  ok      k=5 ablation|H2_sto-3g_JW|QWC|dtp|A2|seed9 (10.3s)
  ok      k=145 ablation|LiH_sto-3g_JW|QWC|dtp|A1|seed0 (12.9s)
  ok      k=144 ablation|LiH_sto-3g_JW|QWC|dtp|A1|seed1 (12.9s)
  ok      k=145 ablation|LiH_sto-3g_JW|QWC|dtp|A1|seed2 (12.9s)
  ok      k=145 ablation|LiH_sto-3g_JW|QWC|dtp|A1|seed3 (12.9s)
  ok      k=145 ablation|LiH_sto-3g_JW|QWC|dtp|A1|seed4 (12.9s)
  ok      k=145 ablation|LiH_sto-3g_JW|QWC|dtp|A1|seed5 (12.9s)
  ok      k=145 ablation|LiH_sto-3g_JW|QWC|dtp|A1|seed6 (12.9s)
  ok      k=145 ablation|LiH_sto-3g_JW|QWC|dtp|A1|seed7 (12.9s)
  ok      k=145 ablation|LiH_sto-3g_JW|QWC|dtp|A1|seed8 (12.9s)
  ok      k=145 ablation|LiH_sto-3g_JW|QWC|dtp|A1|seed9 (12.9s)
  ok      k=145 ablation|LiH_sto-3g_JW|QWC|dtp|A3|seed1 (12.9s)
  ok      k=145 ablation|LiH_sto-3g_JW|QWC|dtp|A3|seed0 (13.1s)
  ok      k=144 ablation|LiH_sto-3g_JW|QWC|dtp|A3|seed2 (12.9s)
  ok      k=144 ablation|LiH_sto-3g_JW|QWC|dtp|A3|seed3 (12.9s)
  ok      k=144 ablation|LiH_sto-3g_JW|QWC|dtp|A3|seed4 (12.9s)
  ok      k=145 ablation|LiH_sto-3g_JW|QWC|dtp|A3|seed5 (12.9s)
  ok      k=144 ablation|LiH_sto-3g_JW|QWC|dtp|A3|seed6 (12.9s)
  ok      k=145 ablation|LiH_sto-3g_JW|QWC|dtp|A3|seed7 (12.9s)
  ok      k=145 ablation|LiH_sto-3g_JW|QWC|dtp|A3|seed8 (12.9s)
  ok      k=145 ablation|LiH_sto-3g_JW|QWC|dtp|A3|seed9 (12.9s)
  ok      k=145 ablation|LiH_sto-3g_JW|QWC|dtp|A5|seed0 (12.9s)
  ok      k=144 ablation|LiH_sto-3g_JW|QWC|dtp|A5|seed1 (13.1s)
  ok      k=144 ablation|LiH_sto-3g_JW|QWC|dtp|A5|seed2 (13.1s)
  ok      k=144 ablation|LiH_sto-3g_JW|QWC|dtp|A5|seed3 (12.9s)
  ok      k=146 ablation|LiH_sto-3g_JW|QWC|dtp|A5|seed4 (13.0s)
  ok      k=145 ablation|LiH_sto-3g_JW|QWC|dtp|A5|seed5 (12.9s)
  ok      k=146 ablation|LiH_sto-3g_JW|QWC|dtp|A5|seed6 (13.0s)
  ok      k=144 ablation|LiH_sto-3g_JW|QWC|dtp|A5|seed7 (13.1s)
  ok      k=144 ablation|LiH_sto-3g_JW|QWC|dtp|A5|seed8 (13.0s)
  ok      k=145 ablation|LiH_sto-3g_JW|QWC|dtp|A5|seed9 (13.2s)
  ok      k=147 ablation|LiH_sto-3g_JW|QWC|dtp|A6|seed0 (12.9s)
  ok      k=148 ablation|LiH_sto-3g_JW|QWC|dtp|A6|seed1 (12.9s)
  ok      k=148 ablation|LiH_sto-3g_JW|QWC|dtp|A6|seed2 (12.9s)
  ok      k=147 ablation|LiH_sto-3g_JW|QWC|dtp|A6|seed3 (12.9s)
  ok      k=148 ablation|LiH_sto-3g_JW|QWC|dtp|A6|seed4 (12.9s)
  ok      k=148 ablation|LiH_sto-3g_JW|QWC|dtp|A6|seed5 (12.9s)
  ok      k=147 ablation|LiH_sto-3g_JW|QWC|dtp|A6|seed6 (12.9s)
  ok      k=148 ablation|LiH_sto-3g_JW|QWC|dtp|A6|seed7 (12.9s)
  ok      k=148 ablation|LiH_sto-3g_JW|QWC|dtp|A6|seed8 (12.9s)
  ok      k=148 ablation|LiH_sto-3g_JW|QWC|dtp|A6|seed9 (12.9s)
  ok      k=203 ablation|BeH2_sto-3g_JW|QWC|dtp|A1|seed0 (13.7s)
  ok      k=203 ablation|BeH2_sto-3g_JW|QWC|dtp|A1|seed1 (13.7s)
  ok      k=203 ablation|BeH2_sto-3g_JW|QWC|dtp|A1|seed2 (13.7s)
  ok      k=203 ablation|BeH2_sto-3g_JW|QWC|dtp|A1|seed3 (13.7s)
  ok      k=203 ablation|BeH2_sto-3g_JW|QWC|dtp|A1|seed4 (13.8s)
  ok      k=203 ablation|BeH2_sto-3g_JW|QWC|dtp|A1|seed5 (13.7s)
  ok      k=203 ablation|BeH2_sto-3g_JW|QWC|dtp|A1|seed6 (13.7s)
  ok      k=203 ablation|BeH2_sto-3g_JW|QWC|dtp|A1|seed7 (13.7s)
  ok      k=203 ablation|BeH2_sto-3g_JW|QWC|dtp|A1|seed8 (13.7s)
  ok      k=203 ablation|BeH2_sto-3g_JW|QWC|dtp|A1|seed9 (13.7s)
  ok      k=203 ablation|BeH2_sto-3g_JW|QWC|dtp|A3|seed0 (13.7s)
  ok      k=203 ablation|BeH2_sto-3g_JW|QWC|dtp|A3|seed1 (13.7s)
  ok      k=203 ablation|BeH2_sto-3g_JW|QWC|dtp|A3|seed2 (13.7s)
  ok      k=203 ablation|BeH2_sto-3g_JW|QWC|dtp|A3|seed3 (13.7s)
  ok      k=203 ablation|BeH2_sto-3g_JW|QWC|dtp|A3|seed4 (13.8s)
  ok      k=203 ablation|BeH2_sto-3g_JW|QWC|dtp|A3|seed5 (13.8s)
  ok      k=203 ablation|BeH2_sto-3g_JW|QWC|dtp|A3|seed6 (13.7s)
  ok      k=203 ablation|BeH2_sto-3g_JW|QWC|dtp|A3|seed7 (13.7s)
  ok      k=203 ablation|BeH2_sto-3g_JW|QWC|dtp|A3|seed8 (13.7s)
  ok      k=203 ablation|BeH2_sto-3g_JW|QWC|dtp|A3|seed9 (13.7s)
  ok      k=203 ablation|BeH2_sto-3g_JW|QWC|dtp|A5|seed0 (13.7s)
  ok      k=203 ablation|BeH2_sto-3g_JW|QWC|dtp|A5|seed1 (13.7s)
  ok      k=203 ablation|BeH2_sto-3g_JW|QWC|dtp|A5|seed2 (13.7s)
  ok      k=203 ablation|BeH2_sto-3g_JW|QWC|dtp|A5|seed3 (13.7s)
  ok      k=203 ablation|BeH2_sto-3g_JW|QWC|dtp|A5|seed4 (13.7s)
  ok      k=203 ablation|BeH2_sto-3g_JW|QWC|dtp|A5|seed5 (13.7s)
  ok      k=203 ablation|BeH2_sto-3g_JW|QWC|dtp|A5|seed6 (13.7s)
  ok      k=203 ablation|BeH2_sto-3g_JW|QWC|dtp|A5|seed7 (13.7s)
  ok      k=203 ablation|BeH2_sto-3g_JW|QWC|dtp|A5|seed8 (13.7s)
  ok      k=203 ablation|BeH2_sto-3g_JW|QWC|dtp|A5|seed9 (13.7s)
  ok      k=203 ablation|BeH2_sto-3g_JW|QWC|dtp|A6|seed0 (13.8s)
  ok      k=203 ablation|BeH2_sto-3g_JW|QWC|dtp|A6|seed1 (13.7s)
  ok      k=203 ablation|BeH2_sto-3g_JW|QWC|dtp|A6|seed2 (13.7s)
  ok      k=203 ablation|BeH2_sto-3g_JW|QWC|dtp|A6|seed3 (13.7s)
  ok      k=203 ablation|BeH2_sto-3g_JW|QWC|dtp|A6|seed4 (13.7s)
  ok      k=203 ablation|BeH2_sto-3g_JW|QWC|dtp|A6|seed5 (13.7s)
  ok      k=203 ablation|BeH2_sto-3g_JW|QWC|dtp|A6|seed6 (13.7s)
  ok      k=203 ablation|BeH2_sto-3g_JW|QWC|dtp|A6|seed7 (13.7s)
  ok      k=203 ablation|BeH2_sto-3g_JW|QWC|dtp|A6|seed8 (13.7s)
  ok      k=203 ablation|BeH2_sto-3g_JW|QWC|dtp|A6|seed9 (13.7s)
  ok      k=314 ablation|H2O_sto-3g_JW|QWC|dtp|A1|seed0 (22.4s)
  ok      k=314 ablation|H2O_sto-3g_JW|QWC|dtp|A1|seed1 (22.4s)
  ok      k=314 ablation|H2O_sto-3g_JW|QWC|dtp|A1|seed2 (22.4s)
  ok      k=314 ablation|H2O_sto-3g_JW|QWC|dtp|A1|seed3 (22.4s)
  ok      k=314 ablation|H2O_sto-3g_JW|QWC|dtp|A1|seed4 (22.4s)
  ok      k=314 ablation|H2O_sto-3g_JW|QWC|dtp|A1|seed5 (22.4s)
  ok      k=314 ablation|H2O_sto-3g_JW|QWC|dtp|A1|seed6 (22.4s)
  ok      k=314 ablation|H2O_sto-3g_JW|QWC|dtp|A1|seed7 (22.4s)
  ok      k=314 ablation|H2O_sto-3g_JW|QWC|dtp|A1|seed8 (22.4s)
  ok      k=314 ablation|H2O_sto-3g_JW|QWC|dtp|A1|seed9 (22.4s)
  ok      k=314 ablation|H2O_sto-3g_JW|QWC|dtp|A3|seed0 (22.4s)
  ok      k=314 ablation|H2O_sto-3g_JW|QWC|dtp|A3|seed1 (22.4s)
  ok      k=314 ablation|H2O_sto-3g_JW|QWC|dtp|A3|seed2 (22.4s)
  ok      k=314 ablation|H2O_sto-3g_JW|QWC|dtp|A3|seed3 (22.4s)
  ok      k=314 ablation|H2O_sto-3g_JW|QWC|dtp|A3|seed4 (22.4s)
  ok      k=314 ablation|H2O_sto-3g_JW|QWC|dtp|A3|seed5 (22.4s)
  ok      k=314 ablation|H2O_sto-3g_JW|QWC|dtp|A3|seed6 (22.4s)
  ok      k=314 ablation|H2O_sto-3g_JW|QWC|dtp|A3|seed7 (22.4s)
  ok      k=314 ablation|H2O_sto-3g_JW|QWC|dtp|A3|seed8 (22.4s)
  ok      k=314 ablation|H2O_sto-3g_JW|QWC|dtp|A3|seed9 (22.4s)
  ok      k=314 ablation|H2O_sto-3g_JW|QWC|dtp|A5|seed0 (22.4s)
  ok      k=314 ablation|H2O_sto-3g_JW|QWC|dtp|A5|seed1 (22.4s)
  ok      k=314 ablation|H2O_sto-3g_JW|QWC|dtp|A5|seed2 (22.5s)
  ok      k=314 ablation|H2O_sto-3g_JW|QWC|dtp|A5|seed3 (22.4s)
  ok      k=314 ablation|H2O_sto-3g_JW|QWC|dtp|A5|seed4 (22.4s)
  ok      k=314 ablation|H2O_sto-3g_JW|QWC|dtp|A5|seed5 (22.5s)
  ok      k=314 ablation|H2O_sto-3g_JW|QWC|dtp|A5|seed6 (22.4s)
  ok      k=314 ablation|H2O_sto-3g_JW|QWC|dtp|A5|seed7 (22.4s)
  ok      k=314 ablation|H2O_sto-3g_JW|QWC|dtp|A5|seed8 (22.4s)
  ok      k=314 ablation|H2O_sto-3g_JW|QWC|dtp|A5|seed9 (22.4s)
  ok      k=314 ablation|H2O_sto-3g_JW|QWC|dtp|A6|seed0 (22.4s)
  ok      k=314 ablation|H2O_sto-3g_JW|QWC|dtp|A6|seed1 (22.4s)
  ok      k=314 ablation|H2O_sto-3g_JW|QWC|dtp|A6|seed2 (22.4s)
  ok      k=314 ablation|H2O_sto-3g_JW|QWC|dtp|A6|seed3 (22.4s)
  ok      k=314 ablation|H2O_sto-3g_JW|QWC|dtp|A6|seed4 (22.4s)
  ok      k=314 ablation|H2O_sto-3g_JW|QWC|dtp|A6|seed5 (22.4s)
  ok      k=314 ablation|H2O_sto-3g_JW|QWC|dtp|A6|seed6 (22.4s)
  ok      k=314 ablation|H2O_sto-3g_JW|QWC|dtp|A6|seed7 (22.4s)
  ok      k=314 ablation|H2O_sto-3g_JW|QWC|dtp|A6|seed8 (22.4s)
  ok      k=314 ablation|H2O_sto-3g_JW|QWC|dtp|A6|seed9 (22.4s)
  ok      k=840 ablation|NH3_sto-3g_JW|QWC|dtp|A1|seed0 (63.1s)
  ok      k=838 ablation|NH3_sto-3g_JW|QWC|dtp|A1|seed1 (63.1s)
  ok      k=839 ablation|NH3_sto-3g_JW|QWC|dtp|A1|seed2 (63.1s)
  ok      k=839 ablation|NH3_sto-3g_JW|QWC|dtp|A1|seed3 (63.1s)
  ok      k=840 ablation|NH3_sto-3g_JW|QWC|dtp|A1|seed4 (63.2s)
  ok      k=840 ablation|NH3_sto-3g_JW|QWC|dtp|A1|seed5 (63.2s)
  ok      k=839 ablation|NH3_sto-3g_JW|QWC|dtp|A1|seed6 (63.1s)
  ok      k=838 ablation|NH3_sto-3g_JW|QWC|dtp|A1|seed7 (63.1s)
  ok      k=838 ablation|NH3_sto-3g_JW|QWC|dtp|A1|seed8 (63.1s)
  ok      k=839 ablation|NH3_sto-3g_JW|QWC|dtp|A1|seed9 (63.1s)
  ok      k=838 ablation|NH3_sto-3g_JW|QWC|dtp|A3|seed0 (63.1s)
  ok      k=838 ablation|NH3_sto-3g_JW|QWC|dtp|A3|seed1 (63.1s)
  ok      k=839 ablation|NH3_sto-3g_JW|QWC|dtp|A3|seed2 (63.3s)
  ok      k=840 ablation|NH3_sto-3g_JW|QWC|dtp|A3|seed3 (63.1s)
  ok      k=838 ablation|NH3_sto-3g_JW|QWC|dtp|A3|seed4 (63.3s)
  ok      k=839 ablation|NH3_sto-3g_JW|QWC|dtp|A3|seed5 (63.3s)
  ok      k=838 ablation|NH3_sto-3g_JW|QWC|dtp|A3|seed6 (63.3s)
  ok      k=840 ablation|NH3_sto-3g_JW|QWC|dtp|A3|seed7 (63.3s)
  ok      k=837 ablation|NH3_sto-3g_JW|QWC|dtp|A3|seed8 (63.1s)
  ok      k=838 ablation|NH3_sto-3g_JW|QWC|dtp|A3|seed9 (63.1s)
  ok      k=838 ablation|NH3_sto-3g_JW|QWC|dtp|A5|seed0 (63.3s)
  ok      k=837 ablation|NH3_sto-3g_JW|QWC|dtp|A5|seed1 (63.3s)
  ok      k=839 ablation|NH3_sto-3g_JW|QWC|dtp|A5|seed2 (63.3s)
  ok      k=840 ablation|NH3_sto-3g_JW|QWC|dtp|A5|seed3 (63.3s)
  ok      k=837 ablation|NH3_sto-3g_JW|QWC|dtp|A5|seed4 (63.3s)
  ok      k=839 ablation|NH3_sto-3g_JW|QWC|dtp|A5|seed5 (63.3s)
  ok      k=838 ablation|NH3_sto-3g_JW|QWC|dtp|A5|seed6 (63.1s)
  ok      k=839 ablation|NH3_sto-3g_JW|QWC|dtp|A5|seed7 (63.3s)
  ok      k=837 ablation|NH3_sto-3g_JW|QWC|dtp|A5|seed8 (63.3s)
  ok      k=838 ablation|NH3_sto-3g_JW|QWC|dtp|A5|seed9 (63.1s)
  ok      k=846 ablation|NH3_sto-3g_JW|QWC|dtp|A6|seed0 (63.3s)
  ok      k=846 ablation|NH3_sto-3g_JW|QWC|dtp|A6|seed1 (63.1s)
  ok      k=845 ablation|NH3_sto-3g_JW|QWC|dtp|A6|seed2 (63.1s)
  ok      k=847 ablation|NH3_sto-3g_JW|QWC|dtp|A6|seed3 (63.1s)
  ok      k=846 ablation|NH3_sto-3g_JW|QWC|dtp|A6|seed5 (63.2s)
  ok      k=845 ablation|NH3_sto-3g_JW|QWC|dtp|A6|seed4 (63.2s)
  ok      k=847 ablation|NH3_sto-3g_JW|QWC|dtp|A6|seed6 (63.1s)
  ok      k=846 ablation|NH3_sto-3g_JW|QWC|dtp|A6|seed7 (63.1s)
  ok      k=845 ablation|NH3_sto-3g_JW|QWC|dtp|A6|seed8 (63.1s)
  ok      k=847 ablation|NH3_sto-3g_JW|QWC|dtp|A6|seed9 (63.5s)
  ok      k=1958 ablation|CH4_sto-3g_JW|QWC|dtp|A1|seed1 (143.1s)
  ok      k=1962 ablation|CH4_sto-3g_JW|QWC|dtp|A1|seed0 (143.5s)
  ok      k=1959 ablation|CH4_sto-3g_JW|QWC|dtp|A1|seed2 (143.3s)
  ok      k=1964 ablation|CH4_sto-3g_JW|QWC|dtp|A3|seed0 (143.3s)
  ok      k=1961 ablation|CH4_sto-3g_JW|QWC|dtp|A3|seed2 (143.3s)
  ok      k=1960 ablation|CH4_sto-3g_JW|QWC|dtp|A3|seed1 (143.3s)
  ok      k=1964 ablation|CH4_sto-3g_JW|QWC|dtp|A5|seed0 (143.3s)
  ok      k=1960 ablation|CH4_sto-3g_JW|QWC|dtp|A5|seed1 (143.3s)
  ok      k=1993 ablation|CH4_sto-3g_JW|QWC|dtp|A6|seed0 (143.3s)
  ok      k=1961 ablation|CH4_sto-3g_JW|QWC|dtp|A5|seed2 (143.8s)
  ok      k=1994 ablation|CH4_sto-3g_JW|QWC|dtp|A6|seed2 (143.3s)
  ok      k=1994 ablation|CH4_sto-3g_JW|QWC|dtp|A6|seed1 (143.8s)
  ok      k=1171 ablation|N2_sto-3g_JW|QWC|dtp|A1|seed1 (61.9s)
  ok      k=1171 ablation|N2_sto-3g_JW|QWC|dtp|A1|seed0 (61.9s)
  ok      k=1170 ablation|N2_sto-3g_JW|QWC|dtp|A1|seed3 (61.6s)
  ok      k=1170 ablation|N2_sto-3g_JW|QWC|dtp|A1|seed2 (61.8s)
  ok      k=1171 ablation|N2_sto-3g_JW|QWC|dtp|A1|seed4 (61.7s)
  ok      k=1170 ablation|N2_sto-3g_JW|QWC|dtp|A1|seed5 (61.9s)
  ok      k=1171 ablation|N2_sto-3g_JW|QWC|dtp|A1|seed6 (61.8s)
  ok      k=1171 ablation|N2_sto-3g_JW|QWC|dtp|A1|seed7 (61.8s)
  ok      k=1170 ablation|N2_sto-3g_JW|QWC|dtp|A1|seed8 (61.6s)
  ok      k=1171 ablation|N2_sto-3g_JW|QWC|dtp|A1|seed9 (61.4s)
  ok      k=1171 ablation|N2_sto-3g_JW|QWC|dtp|A3|seed0 (61.7s)
  ok      k=1171 ablation|N2_sto-3g_JW|QWC|dtp|A3|seed1 (61.9s)
  ok      k=1171 ablation|N2_sto-3g_JW|QWC|dtp|A3|seed2 (61.9s)
  ok      k=1171 ablation|N2_sto-3g_JW|QWC|dtp|A3|seed3 (61.9s)
  ok      k=1171 ablation|N2_sto-3g_JW|QWC|dtp|A3|seed4 (61.7s)
  ok      k=1171 ablation|N2_sto-3g_JW|QWC|dtp|A3|seed5 (61.7s)
  ok      k=1170 ablation|N2_sto-3g_JW|QWC|dtp|A3|seed6 (61.8s)
  ok      k=1171 ablation|N2_sto-3g_JW|QWC|dtp|A3|seed7 (61.8s)
  ok      k=1171 ablation|N2_sto-3g_JW|QWC|dtp|A3|seed8 (62.0s)
  ok      k=1172 ablation|N2_sto-3g_JW|QWC|dtp|A3|seed9 (62.0s)
  ok      k=1171 ablation|N2_sto-3g_JW|QWC|dtp|A5|seed0 (62.4s)
  ok      k=1171 ablation|N2_sto-3g_JW|QWC|dtp|A5|seed1 (62.0s)
  ok      k=1172 ablation|N2_sto-3g_JW|QWC|dtp|A5|seed3 (61.9s)
  ok      k=1171 ablation|N2_sto-3g_JW|QWC|dtp|A5|seed2 (61.9s)
  ok      k=1171 ablation|N2_sto-3g_JW|QWC|dtp|A5|seed5 (61.6s)
  ok      k=1171 ablation|N2_sto-3g_JW|QWC|dtp|A5|seed4 (61.8s)
  ok      k=1171 ablation|N2_sto-3g_JW|QWC|dtp|A5|seed6 (61.6s)
  ok      k=1171 ablation|N2_sto-3g_JW|QWC|dtp|A5|seed7 (61.8s)
  ok      k=1170 ablation|N2_sto-3g_JW|QWC|dtp|A5|seed8 (61.6s)
  ok      k=1172 ablation|N2_sto-3g_JW|QWC|dtp|A5|seed9 (61.8s)
  ok      k=1178 ablation|N2_sto-3g_JW|QWC|dtp|A6|seed0 (61.6s)
  ok      k=1178 ablation|N2_sto-3g_JW|QWC|dtp|A6|seed1 (61.8s)
  ok      k=1178 ablation|N2_sto-3g_JW|QWC|dtp|A6|seed2 (61.7s)
  ok      k=1179 ablation|N2_sto-3g_JW|QWC|dtp|A6|seed3 (61.7s)
  ok      k=1178 ablation|N2_sto-3g_JW|QWC|dtp|A6|seed4 (61.7s)
  ok      k=1177 ablation|N2_sto-3g_JW|QWC|dtp|A6|seed5 (62.1s)
  ok      k=1178 ablation|N2_sto-3g_JW|QWC|dtp|A6|seed6 (61.7s)
  ok      k=1178 ablation|N2_sto-3g_JW|QWC|dtp|A6|seed7 (61.7s)
  ok      k=1179 ablation|N2_sto-3g_JW|QWC|dtp|A6|seed8 (61.6s)
  ok      k=1178 ablation|N2_sto-3g_JW|QWC|dtp|A6|seed9 (61.6s)
  ok      k=1864 ablation|CO_sto-3g_JW|QWC|dtp|A1|seed0 (122.3s)
  ok      k=1865 ablation|CO_sto-3g_JW|QWC|dtp|A1|seed1 (122.7s)
  ok      k=1864 ablation|CO_sto-3g_JW|QWC|dtp|A1|seed2 (122.5s)
  ok      k=1864 ablation|CO_sto-3g_JW|QWC|dtp|A3|seed0 (123.5s)
  ok      k=1866 ablation|CO_sto-3g_JW|QWC|dtp|A3|seed1 (122.5s)
  ok      k=1865 ablation|CO_sto-3g_JW|QWC|dtp|A3|seed2 (123.1s)
  ok      k=1864 ablation|CO_sto-3g_JW|QWC|dtp|A5|seed0 (122.3s)
  ok      k=1866 ablation|CO_sto-3g_JW|QWC|dtp|A5|seed1 (122.1s)
  ok      k=1865 ablation|CO_sto-3g_JW|QWC|dtp|A5|seed2 (122.4s)
  ok      k=1870 ablation|CO_sto-3g_JW|QWC|dtp|A6|seed0 (122.2s)
  ok      k=1871 ablation|CO_sto-3g_JW|QWC|dtp|A6|seed1 (122.5s)
  ok      k=1870 ablation|CO_sto-3g_JW|QWC|dtp|A6|seed2 (122.3s)
  ok      k=1834 ablation|HCl_sto-3g_JW|QWC|dtp|A1|seed0 (122.3s)
  ok      k=1833 ablation|HCl_sto-3g_JW|QWC|dtp|A1|seed1 (122.3s)
  ok      k=1834 ablation|HCl_sto-3g_JW|QWC|dtp|A1|seed2 (122.3s)
  ok      k=1833 ablation|HCl_sto-3g_JW|QWC|dtp|A3|seed0 (122.3s)
=== resumed 2026-10-02T13:02:33Z after third container restart (last ablation row 2026-10-02T10:56:41Z; see logs/launch_manifest.txt, Resumption record 3) ===
[main] planned 604 jobs, 604 done, 0 light + 0 heavy to run
[g3] planned 88 jobs, 88 done, 0 light + 0 heavy to run
[bk] planned 104 jobs, 104 done, 0 light + 0 heavy to run
[exact] planned 170 jobs, 170 done, 0 light + 0 heavy to run
[ablation] planned 385 jobs, 278 done, 107 light + 0 heavy to run
  ok      k=5 ablation|H2_sto-3g_JW|QWC|dtp|none|seed0 (0.6s)
  ok      k=5 ablation|H2_sto-3g_JW|QWC|dtp|none|seed1 (0.6s)
  ok      k=5 ablation|H2_sto-3g_JW|QWC|dtp|none|seed2 (0.2s)
  ok      k=5 ablation|H2_sto-3g_JW|QWC|dtp|none|seed3 (0.2s)
  ok      k=5 ablation|H2_sto-3g_JW|QWC|dtp|none|seed4 (0.2s)
  ok      k=5 ablation|H2_sto-3g_JW|QWC|dtp|none|seed5 (0.2s)
  ok      k=5 ablation|H2_sto-3g_JW|QWC|dtp|none|seed6 (0.2s)
  ok      k=5 ablation|H2_sto-3g_JW|QWC|dtp|none|seed7 (0.2s)
  ok      k=5 ablation|H2_sto-3g_JW|QWC|dtp|none|seed8 (0.2s)
  ok      k=5 ablation|H2_sto-3g_JW|QWC|dtp|none|seed9 (0.2s)
  ok      k=145 ablation|LiH_sto-3g_JW|QWC|dtp|none|seed0 (12.9s)
  ok      k=145 ablation|LiH_sto-3g_JW|QWC|dtp|none|seed1 (12.9s)
  ok      k=144 ablation|LiH_sto-3g_JW|QWC|dtp|none|seed2 (12.9s)
  ok      k=144 ablation|LiH_sto-3g_JW|QWC|dtp|none|seed3 (12.9s)
  ok      k=144 ablation|LiH_sto-3g_JW|QWC|dtp|none|seed4 (12.9s)
  ok      k=145 ablation|LiH_sto-3g_JW|QWC|dtp|none|seed5 (12.9s)
  ok      k=145 ablation|LiH_sto-3g_JW|QWC|dtp|none|seed6 (12.9s)
  ok      k=145 ablation|LiH_sto-3g_JW|QWC|dtp|none|seed7 (12.9s)
  ok      k=145 ablation|LiH_sto-3g_JW|QWC|dtp|none|seed8 (13.0s)
  ok      k=145 ablation|LiH_sto-3g_JW|QWC|dtp|none|seed9 (12.9s)
  ok      k=203 ablation|BeH2_sto-3g_JW|QWC|dtp|none|seed0 (13.7s)
  ok      k=203 ablation|BeH2_sto-3g_JW|QWC|dtp|none|seed1 (13.7s)
  ok      k=203 ablation|BeH2_sto-3g_JW|QWC|dtp|none|seed2 (13.7s)
  ok      k=203 ablation|BeH2_sto-3g_JW|QWC|dtp|none|seed3 (13.7s)
  ok      k=203 ablation|BeH2_sto-3g_JW|QWC|dtp|none|seed4 (13.7s)
  ok      k=203 ablation|BeH2_sto-3g_JW|QWC|dtp|none|seed5 (13.7s)
  ok      k=203 ablation|BeH2_sto-3g_JW|QWC|dtp|none|seed6 (13.7s)
  ok      k=203 ablation|BeH2_sto-3g_JW|QWC|dtp|none|seed7 (13.7s)
  ok      k=203 ablation|BeH2_sto-3g_JW|QWC|dtp|none|seed8 (13.7s)
  ok      k=203 ablation|BeH2_sto-3g_JW|QWC|dtp|none|seed9 (13.7s)
  ok      k=314 ablation|H2O_sto-3g_JW|QWC|dtp|none|seed0 (22.5s)
  ok      k=314 ablation|H2O_sto-3g_JW|QWC|dtp|none|seed1 (22.4s)
  ok      k=314 ablation|H2O_sto-3g_JW|QWC|dtp|none|seed2 (22.7s)
  ok      k=314 ablation|H2O_sto-3g_JW|QWC|dtp|none|seed3 (22.9s)
  ok      k=314 ablation|H2O_sto-3g_JW|QWC|dtp|none|seed4 (22.2s)
  ok      k=314 ablation|H2O_sto-3g_JW|QWC|dtp|none|seed5 (22.4s)
  ok      k=314 ablation|H2O_sto-3g_JW|QWC|dtp|none|seed6 (22.4s)
  ok      k=314 ablation|H2O_sto-3g_JW|QWC|dtp|none|seed7 (22.4s)
  ok      k=314 ablation|H2O_sto-3g_JW|QWC|dtp|none|seed8 (22.4s)
  ok      k=314 ablation|H2O_sto-3g_JW|QWC|dtp|none|seed9 (22.2s)
  ok      k=838 ablation|NH3_sto-3g_JW|QWC|dtp|none|seed0 (62.9s)
  ok      k=838 ablation|NH3_sto-3g_JW|QWC|dtp|none|seed1 (62.9s)
  ok      k=839 ablation|NH3_sto-3g_JW|QWC|dtp|none|seed2 (63.1s)
  ok      k=840 ablation|NH3_sto-3g_JW|QWC|dtp|none|seed3 (63.0s)
  ok      k=839 ablation|NH3_sto-3g_JW|QWC|dtp|none|seed5 (62.9s)
  ok      k=838 ablation|NH3_sto-3g_JW|QWC|dtp|none|seed4 (63.1s)
  ok      k=840 ablation|NH3_sto-3g_JW|QWC|dtp|none|seed7 (62.8s)
  ok      k=838 ablation|NH3_sto-3g_JW|QWC|dtp|none|seed6 (63.0s)
  ok      k=837 ablation|NH3_sto-3g_JW|QWC|dtp|none|seed8 (62.9s)
  ok      k=838 ablation|NH3_sto-3g_JW|QWC|dtp|none|seed9 (62.9s)
  ok      k=1960 ablation|CH4_sto-3g_JW|QWC|dtp|none|seed1 (143.3s)
  ok      k=1964 ablation|CH4_sto-3g_JW|QWC|dtp|none|seed0 (143.5s)
  ok      k=1171 ablation|N2_sto-3g_JW|QWC|dtp|none|seed0 (61.7s)
  ok      k=1171 ablation|N2_sto-3g_JW|QWC|dtp|none|seed1 (61.6s)
  ok      k=1961 ablation|CH4_sto-3g_JW|QWC|dtp|none|seed2 (142.9s)
  ok      k=1171 ablation|N2_sto-3g_JW|QWC|dtp|none|seed2 (61.4s)
  ok      k=1171 ablation|N2_sto-3g_JW|QWC|dtp|none|seed3 (61.6s)
  ok      k=1171 ablation|N2_sto-3g_JW|QWC|dtp|none|seed4 (61.6s)
  ok      k=1171 ablation|N2_sto-3g_JW|QWC|dtp|none|seed5 (61.6s)
  ok      k=1170 ablation|N2_sto-3g_JW|QWC|dtp|none|seed6 (61.6s)
  ok      k=1171 ablation|N2_sto-3g_JW|QWC|dtp|none|seed7 (61.7s)
  ok      k=1170 ablation|N2_sto-3g_JW|QWC|dtp|none|seed8 (61.8s)
  ok      k=1171 ablation|N2_sto-3g_JW|QWC|dtp|none|seed9 (61.4s)
  ok      k=1864 ablation|CO_sto-3g_JW|QWC|dtp|none|seed0 (122.1s)
  ok      k=1866 ablation|CO_sto-3g_JW|QWC|dtp|none|seed1 (122.3s)
  ok      k=1865 ablation|CO_sto-3g_JW|QWC|dtp|none|seed2 (122.1s)
  ok      k=1832 ablation|HCl_sto-3g_JW|QWC|dtp|A3|seed1 (121.9s)
  ok      k=1833 ablation|HCl_sto-3g_JW|QWC|dtp|A3|seed2 (121.8s)
  ok      k=1833 ablation|HCl_sto-3g_JW|QWC|dtp|A5|seed0 (121.8s)
  ok      k=1832 ablation|HCl_sto-3g_JW|QWC|dtp|A5|seed1 (121.8s)
  ok      k=1833 ablation|HCl_sto-3g_JW|QWC|dtp|A5|seed2 (122.5s)
  ok      k=1843 ablation|HCl_sto-3g_JW|QWC|dtp|A6|seed0 (122.0s)
  ok      k=1844 ablation|HCl_sto-3g_JW|QWC|dtp|A6|seed1 (122.2s)
  ok      k=1842 ablation|HCl_sto-3g_JW|QWC|dtp|A6|seed2 (122.2s)
  ok      k=1833 ablation|HCl_sto-3g_JW|QWC|dtp|none|seed0 (122.0s)
  ok      k=1832 ablation|HCl_sto-3g_JW|QWC|dtp|none|seed1 (121.9s)
  ok      k=1833 ablation|HCl_sto-3g_JW|QWC|dtp|none|seed2 (122.1s)
  ok      k=1763 ablation|NaH_sto-3g_JW|QWC|dtp|A1|seed0 (122.2s)
  ok      k=1759 ablation|NaH_sto-3g_JW|QWC|dtp|A1|seed1 (122.0s)
  ok      k=1760 ablation|NaH_sto-3g_JW|QWC|dtp|A1|seed2 (121.8s)
  ok      k=1759 ablation|NaH_sto-3g_JW|QWC|dtp|A3|seed0 (122.3s)
  ok      k=1760 ablation|NaH_sto-3g_JW|QWC|dtp|A3|seed1 (122.0s)
  ok      k=1759 ablation|NaH_sto-3g_JW|QWC|dtp|A3|seed2 (122.5s)
  ok      k=1759 ablation|NaH_sto-3g_JW|QWC|dtp|A5|seed0 (122.1s)
  ok      k=1760 ablation|NaH_sto-3g_JW|QWC|dtp|A5|seed1 (122.6s)
  ok      k=1759 ablation|NaH_sto-3g_JW|QWC|dtp|A5|seed2 (122.1s)
  ok      k=1768 ablation|NaH_sto-3g_JW|QWC|dtp|A6|seed0 (121.8s)
  ok      k=1769 ablation|NaH_sto-3g_JW|QWC|dtp|A6|seed1 (122.4s)
  ok      k=1769 ablation|NaH_sto-3g_JW|QWC|dtp|A6|seed2 (121.8s)
  ok      k=1759 ablation|NaH_sto-3g_JW|QWC|dtp|none|seed0 (122.3s)
  ok      k=1760 ablation|NaH_sto-3g_JW|QWC|dtp|none|seed1 (122.1s)
  ok      k=1759 ablation|NaH_sto-3g_JW|QWC|dtp|none|seed2 (122.2s)
  ok      k=1744 ablation|H2S_sto-3g_JW|QWC|dtp|A1|seed0 (130.1s)
  ok      k=1747 ablation|H2S_sto-3g_JW|QWC|dtp|A1|seed1 (129.8s)
  ok      k=1743 ablation|H2S_sto-3g_JW|QWC|dtp|A1|seed2 (130.1s)
  ok      k=1742 ablation|H2S_sto-3g_JW|QWC|dtp|A3|seed0 (130.0s)
  ok      k=1742 ablation|H2S_sto-3g_JW|QWC|dtp|A3|seed1 (130.4s)
  ok      k=1739 ablation|H2S_sto-3g_JW|QWC|dtp|A3|seed2 (130.8s)
  ok      k=1742 ablation|H2S_sto-3g_JW|QWC|dtp|A5|seed0 (130.0s)
  ok      k=1742 ablation|H2S_sto-3g_JW|QWC|dtp|A5|seed1 (130.0s)
  ok      k=1739 ablation|H2S_sto-3g_JW|QWC|dtp|A5|seed2 (130.1s)
  ok      k=1771 ablation|H2S_sto-3g_JW|QWC|dtp|A6|seed0 (129.7s)
  ok      k=1770 ablation|H2S_sto-3g_JW|QWC|dtp|A6|seed1 (130.1s)
  ok      k=1771 ablation|H2S_sto-3g_JW|QWC|dtp|A6|seed2 (129.7s)
  ok      k=1742 ablation|H2S_sto-3g_JW|QWC|dtp|none|seed0 (130.1s)
  ok      k=1742 ablation|H2S_sto-3g_JW|QWC|dtp|none|seed1 (130.0s)
  ok      k=1739 ablation|H2S_sto-3g_JW|QWC|dtp|none|seed2 (130.5s)
[scaling] planned 12 jobs, 0 done, 0 light + 12 heavy to run
  ok      k=3531 scaling|H2O_6-31g_JW|QWC|dtp|none|seed0 (266.4s)
  ok      k=3526 scaling|H2O_6-31g_JW|QWC|dtp|none|seed1 (264.5s)
  ok      k=3530 scaling|H2O_6-31g_JW|QWC|dtp|none|seed2 (262.8s)
  ok      k=4193 scaling|H2O_6-31g_JW|QWC|sorted_insertion|none|seed0 (2.0s)
  ok      k=10320 scaling|NH3_6-31g_JW|QWC|dtp|none|seed0 (387.9s)
  ok      k=10304 scaling|NH3_6-31g_JW|QWC|dtp|none|seed1 (377.6s)
  ok      k=10321 scaling|NH3_6-31g_JW|QWC|dtp|none|seed2 (379.8s)
  ok      k=12084 scaling|NH3_6-31g_JW|QWC|sorted_insertion|none|seed0 (21.3s)
  ok      k=12212 scaling|N2_6-31g_JW|QWC|dtp|none|seed0 (377.6s)
  ok      k=12196 scaling|N2_6-31g_JW|QWC|dtp|none|seed1 (362.1s)
  ok      k=12224 scaling|N2_6-31g_JW|QWC|dtp|none|seed2 (366.9s)
  ok      k=13682 scaling|N2_6-31g_JW|QWC|sorted_insertion|none|seed0 (19.1s)
[gcol] planned 132 jobs, 0 done, 48 light + 84 heavy to run
  ok      k=5 gcol|H2_sto-3g_JW|QWC|gcol_tabucol|none|seed1 (8.5s)
  ok      k=5 gcol|H2_sto-3g_JW|QWC|gcol_tabucol|none|seed0 (8.5s)
  ok      k=5 gcol|H2_sto-3g_JW|QWC|gcol_tabucol|none|seed2 (0.6s)
  ok      k=5 gcol|H2_sto-3g_JW|QWC|gcol_partialcol|none|seed0 (0.6s)
  ok      k=5 gcol|H2_sto-3g_JW|QWC|gcol_partialcol|none|seed1 (0.6s)
  ok      k=5 gcol|H2_sto-3g_JW|QWC|gcol_partialcol|none|seed2 (0.6s)
  ok      k=2 gcol|H2_sto-3g_JW|FC|gcol_tabucol|none|seed0 (0.6s)
  ok      k=2 gcol|H2_sto-3g_JW|FC|gcol_tabucol|none|seed1 (0.6s)
  ok      k=2 gcol|H2_sto-3g_JW|FC|gcol_tabucol|none|seed2 (0.6s)
  ok      k=2 gcol|H2_sto-3g_JW|FC|gcol_partialcol|none|seed0 (0.6s)
  ok      k=2 gcol|H2_sto-3g_JW|FC|gcol_partialcol|none|seed1 (0.6s)
  ok      k=2 gcol|H2_sto-3g_JW|FC|gcol_partialcol|none|seed2 (0.6s)
  ok      k=149 gcol|LiH_sto-3g_JW|QWC|gcol_tabucol|none|seed1 (19.2s)
  ok      k=150 gcol|LiH_sto-3g_JW|QWC|gcol_tabucol|none|seed0 (19.4s)
  ok      k=150 gcol|LiH_sto-3g_JW|QWC|gcol_partialcol|none|seed0 (17.6s)
  ok      k=149 gcol|LiH_sto-3g_JW|QWC|gcol_tabucol|none|seed2 (19.2s)
  ok      k=149 gcol|LiH_sto-3g_JW|QWC|gcol_partialcol|none|seed1 (18.0s)
  ok      k=149 gcol|LiH_sto-3g_JW|QWC|gcol_partialcol|none|seed2 (18.2s)
  ok      k=27 gcol|LiH_sto-3g_JW|FC|gcol_tabucol|none|seed0 (2.8s)
  ok      k=27 gcol|LiH_sto-3g_JW|FC|gcol_tabucol|none|seed1 (2.6s)
  ok      k=27 gcol|LiH_sto-3g_JW|FC|gcol_tabucol|none|seed2 (2.8s)
  ok      k=29 gcol|LiH_sto-3g_JW|FC|gcol_partialcol|none|seed0 (2.0s)
  ok      k=29 gcol|LiH_sto-3g_JW|FC|gcol_partialcol|none|seed1 (2.0s)
  ok      k=29 gcol|LiH_sto-3g_JW|FC|gcol_partialcol|none|seed2 (2.0s)
  ok      k=203 gcol|BeH2_sto-3g_JW|QWC|gcol_tabucol|none|seed0 (27.5s)
  ok      k=203 gcol|BeH2_sto-3g_JW|QWC|gcol_tabucol|none|seed1 (27.1s)
  ok      k=203 gcol|BeH2_sto-3g_JW|QWC|gcol_partialcol|none|seed0 (24.5s)
  ok      k=203 gcol|BeH2_sto-3g_JW|QWC|gcol_tabucol|none|seed2 (26.5s)
  ok      k=203 gcol|BeH2_sto-3g_JW|QWC|gcol_partialcol|none|seed1 (24.5s)
  ok      k=203 gcol|BeH2_sto-3g_JW|QWC|gcol_partialcol|none|seed2 (25.1s)
  ok      k=23 gcol|BeH2_sto-3g_JW|FC|gcol_tabucol|none|seed0 (2.6s)
  ok      k=24 gcol|BeH2_sto-3g_JW|FC|gcol_tabucol|none|seed1 (2.6s)
  ok      k=26 gcol|BeH2_sto-3g_JW|FC|gcol_tabucol|none|seed2 (2.6s)
  ok      k=27 gcol|BeH2_sto-3g_JW|FC|gcol_partialcol|none|seed0 (1.8s)
  ok      k=26 gcol|BeH2_sto-3g_JW|FC|gcol_partialcol|none|seed1 (1.8s)
  ok      k=25 gcol|BeH2_sto-3g_JW|FC|gcol_partialcol|none|seed2 (2.0s)
  ok      k=314 gcol|H2O_sto-3g_JW|QWC|gcol_tabucol|none|seed0 (142.7s)
  ok      k=314 gcol|H2O_sto-3g_JW|QWC|gcol_tabucol|none|seed1 (141.1s)
  ok      k=314 gcol|H2O_sto-3g_JW|QWC|gcol_partialcol|none|seed0 (138.7s)
  ok      k=314 gcol|H2O_sto-3g_JW|QWC|gcol_tabucol|none|seed2 (141.9s)
  ok      k=314 gcol|H2O_sto-3g_JW|QWC|gcol_partialcol|none|seed1 (143.9s)
  ok      k=314 gcol|H2O_sto-3g_JW|QWC|gcol_partialcol|none|seed2 (143.1s)
  ok      k=42 gcol|H2O_sto-3g_JW|FC|gcol_tabucol|none|seed0 (6.7s)
  ok      k=43 gcol|H2O_sto-3g_JW|FC|gcol_tabucol|none|seed1 (7.3s)
  ok      k=40 gcol|H2O_sto-3g_JW|FC|gcol_tabucol|none|seed2 (7.1s)
  ok      k=44 gcol|H2O_sto-3g_JW|FC|gcol_partialcol|none|seed0 (4.4s)
  ok      k=44 gcol|H2O_sto-3g_JW|FC|gcol_partialcol|none|seed1 (4.4s)
  ok      k=44 gcol|H2O_sto-3g_JW|FC|gcol_partialcol|none|seed2 (4.4s)
  timeout k=- gcol|NH3_sto-3g_JW|QWC|gcol_tabucol|none|seed0 (600.3s)
  memory  k=- gcol|NH3_sto-3g_JW|QWC|gcol_tabucol|none|seed1 (0.0s)
  memory  k=- gcol|NH3_sto-3g_JW|QWC|gcol_tabucol|none|seed2 (0.0s)
  timeout k=- gcol|NH3_sto-3g_JW|QWC|gcol_partialcol|none|seed0 (600.3s)
  memory  k=- gcol|NH3_sto-3g_JW|QWC|gcol_partialcol|none|seed1 (0.0s)
  memory  k=- gcol|NH3_sto-3g_JW|QWC|gcol_partialcol|none|seed2 (0.0s)
  ok      k=84 gcol|NH3_sto-3g_JW|FC|gcol_tabucol|none|seed0 (54.2s)
  ok      k=85 gcol|NH3_sto-3g_JW|FC|gcol_tabucol|none|seed1 (52.4s)
  ok      k=83 gcol|NH3_sto-3g_JW|FC|gcol_tabucol|none|seed2 (55.4s)
  ok      k=85 gcol|NH3_sto-3g_JW|FC|gcol_partialcol|none|seed0 (38.5s)
  ok      k=87 gcol|NH3_sto-3g_JW|FC|gcol_partialcol|none|seed1 (36.9s)
  ok      k=86 gcol|NH3_sto-3g_JW|FC|gcol_partialcol|none|seed2 (37.9s)
  error   k=- gcol|CH4_sto-3g_JW|QWC|gcol_tabucol|none|seed0 (27.5s)
  error   k=- gcol|CH4_sto-3g_JW|QWC|gcol_tabucol|none|seed1 (28.7s)
  error   k=- gcol|CH4_sto-3g_JW|QWC|gcol_tabucol|none|seed2 (28.8s)
  error   k=- gcol|CH4_sto-3g_JW|QWC|gcol_partialcol|none|seed0 (28.2s)
  error   k=- gcol|CH4_sto-3g_JW|QWC|gcol_partialcol|none|seed1 (29.4s)
  error   k=- gcol|CH4_sto-3g_JW|QWC|gcol_partialcol|none|seed2 (29.3s)
  ok      k=176 gcol|CH4_sto-3g_JW|FC|gcol_tabucol|none|seed0 (379.8s)
=== resumed 2026-10-02T16:11:42Z after fourth container restart (last gcol row 2026-10-02T15:41:56Z; see logs/launch_manifest.txt, Resumption record 4) ===
[main] planned 604 jobs, 604 done, 0 light + 0 heavy to run
[g3] planned 88 jobs, 88 done, 0 light + 0 heavy to run
[bk] planned 104 jobs, 104 done, 0 light + 0 heavy to run
[exact] planned 170 jobs, 170 done, 0 light + 0 heavy to run
[ablation] planned 385 jobs, 385 done, 0 light + 0 heavy to run
[scaling] planned 12 jobs, 12 done, 0 light + 0 heavy to run
[gcol] planned 132 jobs, 67 done, 0 light + 65 heavy to run
  ok      k=179 gcol|CH4_sto-3g_JW|FC|gcol_tabucol|none|seed1 (362.6s)
  ok      k=175 gcol|CH4_sto-3g_JW|FC|gcol_tabucol|none|seed2 (391.6s)
  ok      k=178 gcol|CH4_sto-3g_JW|FC|gcol_partialcol|none|seed0 (270.7s)
  ok      k=179 gcol|CH4_sto-3g_JW|FC|gcol_partialcol|none|seed1 (255.1s)
  ok      k=179 gcol|CH4_sto-3g_JW|FC|gcol_partialcol|none|seed2 (254.5s)
  error   k=- gcol|N2_sto-3g_JW|QWC|gcol_tabucol|none|seed0 (37.9s)
  error   k=- gcol|N2_sto-3g_JW|QWC|gcol_tabucol|none|seed1 (38.7s)
  error   k=- gcol|N2_sto-3g_JW|QWC|gcol_tabucol|none|seed2 (37.3s)
  error   k=- gcol|N2_sto-3g_JW|QWC|gcol_partialcol|none|seed0 (35.8s)
  error   k=- gcol|N2_sto-3g_JW|QWC|gcol_partialcol|none|seed1 (35.4s)
  error   k=- gcol|N2_sto-3g_JW|QWC|gcol_partialcol|none|seed2 (34.6s)
  ok      k=64 gcol|N2_sto-3g_JW|FC|gcol_tabucol|none|seed0 (45.3s)
  ok      k=64 gcol|N2_sto-3g_JW|FC|gcol_tabucol|none|seed1 (43.9s)
  ok      k=63 gcol|N2_sto-3g_JW|FC|gcol_tabucol|none|seed2 (43.3s)
  ok      k=65 gcol|N2_sto-3g_JW|FC|gcol_partialcol|none|seed0 (26.0s)
  ok      k=66 gcol|N2_sto-3g_JW|FC|gcol_partialcol|none|seed1 (25.4s)
  ok      k=66 gcol|N2_sto-3g_JW|FC|gcol_partialcol|none|seed2 (25.6s)
  error   k=- gcol|CO_sto-3g_JW|QWC|gcol_tabucol|none|seed0 (44.2s)
  error   k=- gcol|CO_sto-3g_JW|QWC|gcol_tabucol|none|seed1 (109.1s)
  error   k=- gcol|CO_sto-3g_JW|QWC|gcol_tabucol|none|seed2 (61.4s)
  error   k=- gcol|CO_sto-3g_JW|QWC|gcol_partialcol|none|seed0 (163.1s)
  error   k=- gcol|CO_sto-3g_JW|QWC|gcol_partialcol|none|seed1 (129.4s)
  error   k=- gcol|CO_sto-3g_JW|QWC|gcol_partialcol|none|seed2 (45.3s)
  ok      k=131 gcol|CO_sto-3g_JW|FC|gcol_tabucol|none|seed0 (217.4s)
  ok      k=132 gcol|CO_sto-3g_JW|FC|gcol_tabucol|none|seed1 (212.5s)
  ok      k=129 gcol|CO_sto-3g_JW|FC|gcol_tabucol|none|seed2 (230.1s)
  ok      k=135 gcol|CO_sto-3g_JW|FC|gcol_partialcol|none|seed0 (143.2s)
  ok      k=135 gcol|CO_sto-3g_JW|FC|gcol_partialcol|none|seed1 (140.5s)
  ok      k=136 gcol|CO_sto-3g_JW|FC|gcol_partialcol|none|seed2 (134.7s)
  error   k=- gcol|HCl_sto-3g_JW|QWC|gcol_tabucol|none|seed0 (44.9s)
  error   k=- gcol|HCl_sto-3g_JW|QWC|gcol_tabucol|none|seed1 (55.1s)
  error   k=- gcol|HCl_sto-3g_JW|QWC|gcol_tabucol|none|seed2 (54.5s)
  error   k=- gcol|HCl_sto-3g_JW|QWC|gcol_partialcol|none|seed0 (44.1s)
  error   k=- gcol|HCl_sto-3g_JW|QWC|gcol_partialcol|none|seed1 (44.6s)
  error   k=- gcol|HCl_sto-3g_JW|QWC|gcol_partialcol|none|seed2 (92.7s)
  ok      k=135 gcol|HCl_sto-3g_JW|FC|gcol_tabucol|none|seed0 (244.5s)
  ok      k=135 gcol|HCl_sto-3g_JW|FC|gcol_tabucol|none|seed1 (260.5s)
  ok      k=133 gcol|HCl_sto-3g_JW|FC|gcol_tabucol|none|seed2 (264.3s)
  ok      k=137 gcol|HCl_sto-3g_JW|FC|gcol_partialcol|none|seed0 (161.6s)
  ok      k=135 gcol|HCl_sto-3g_JW|FC|gcol_partialcol|none|seed1 (164.9s)
  ok      k=136 gcol|HCl_sto-3g_JW|FC|gcol_partialcol|none|seed2 (164.5s)
  error   k=- gcol|NaH_sto-3g_JW|QWC|gcol_tabucol|none|seed0 (43.8s)
  error   k=- gcol|NaH_sto-3g_JW|QWC|gcol_tabucol|none|seed1 (95.2s)
  error   k=- gcol|NaH_sto-3g_JW|QWC|gcol_tabucol|none|seed2 (44.1s)
  error   k=- gcol|NaH_sto-3g_JW|QWC|gcol_partialcol|none|seed0 (128.3s)
  error   k=- gcol|NaH_sto-3g_JW|QWC|gcol_partialcol|none|seed1 (52.2s)
  error   k=- gcol|NaH_sto-3g_JW|QWC|gcol_partialcol|none|seed2 (129.5s)
  ok      k=134 gcol|NaH_sto-3g_JW|FC|gcol_tabucol|none|seed0 (248.8s)
  ok      k=131 gcol|NaH_sto-3g_JW|FC|gcol_tabucol|none|seed1 (269.4s)
  ok      k=134 gcol|NaH_sto-3g_JW|FC|gcol_tabucol|none|seed2 (251.6s)
  ok      k=137 gcol|NaH_sto-3g_JW|FC|gcol_partialcol|none|seed0 (160.3s)
  ok      k=135 gcol|NaH_sto-3g_JW|FC|gcol_partialcol|none|seed1 (166.1s)
  ok      k=135 gcol|NaH_sto-3g_JW|FC|gcol_partialcol|none|seed2 (166.6s)
  error   k=- gcol|H2S_sto-3g_JW|QWC|gcol_tabucol|none|seed0 (74.3s)
  error   k=- gcol|H2S_sto-3g_JW|QWC|gcol_tabucol|none|seed1 (44.0s)
  error   k=- gcol|H2S_sto-3g_JW|QWC|gcol_tabucol|none|seed2 (79.9s)
  error   k=- gcol|H2S_sto-3g_JW|QWC|gcol_partialcol|none|seed0 (192.9s)
  error   k=- gcol|H2S_sto-3g_JW|QWC|gcol_partialcol|none|seed1 (40.5s)
  error   k=- gcol|H2S_sto-3g_JW|QWC|gcol_partialcol|none|seed2 (57.3s)
  ok      k=120 gcol|H2S_sto-3g_JW|FC|gcol_tabucol|none|seed0 (241.8s)
  ok      k=121 gcol|H2S_sto-3g_JW|FC|gcol_tabucol|none|seed1 (231.3s)
  ok      k=121 gcol|H2S_sto-3g_JW|FC|gcol_tabucol|none|seed2 (231.7s)
  ok      k=122 gcol|H2S_sto-3g_JW|FC|gcol_partialcol|none|seed0 (158.2s)
  ok      k=126 gcol|H2S_sto-3g_JW|FC|gcol_partialcol|none|seed1 (144.3s)
  ok      k=125 gcol|H2S_sto-3g_JW|FC|gcol_partialcol|none|seed2 (151.6s)
finished in 8596 s
=== all phases complete 2026-10-02T18:37:39Z ===
